PC,Eigenvalue,Variance_Explained,Cumulative_Variance
PC1,11.242243639841421,0.0020214185384969385,0.0020214185384969385
PC2,11.130143741785862,0.002001262347317264,0.004022680885814202
PC3,11.10787101457021,0.0019972575858889447,0.006019938471703147
PC4,11.057368593587181,0.0019881769669943066,0.008008115438697453
PC5,11.013062454354424,0.0019802104743542677,0.00998832591305172
PC6,10.95570375558114,0.001969897058210761,0.011958222971262481
PC7,10.909466055881904,0.001961583260151959,0.01391980623141444
PC8,10.874227440030593,0.001955247159135577,0.015875053390550016
PC9,10.86384853844261,0.0019533809743461964,0.01782843436489621
PC10,10.827317501791104,0.0019468124888122084,0.01977524685370842
PC11,10.788523651261306,0.001939837136635824,0.021715083990344244
PC12,10.777869579261735,0.00193792147466119,0.023653005465005435
PC13,10.74291446951519,0.0019316363496345048,0.02558464181463994
PC14,10.670327287618889,0.0019185847667082606,0.0275032265813482
PC15,10.652174258141391,0.0019153207500678764,0.02941854733141608
PC16,10.625345428675459,0.0019104967758696643,0.03132904410728574
PC17,10.595040723126996,0.0019050478196326493,0.03323409192691839
PC18,10.584640478405474,0.0019031777972280037,0.035137269724146394
PC19,10.55372455476878,0.0018976189405463626,0.037034888664692754
PC20,10.532135691110806,0.0018937371416260249,0.03892862580631878
PC21,10.485573528093381,0.0018853650032405534,0.04081399080955933
PC22,10.47988469482113,0.0018843421190719348,0.04269833292863127
PC23,10.443977907490778,0.001877885877071431,0.0445762188057027
PC24,10.418333492348067,0.0018732748672197427,0.04644949367292244
PC25,10.39633138230306,0.001869318764278386,0.04831881243720083
PC26,10.376536491837397,0.0018657595318122791,0.0501845719690131
PC27,10.343211340000922,0.0018597674823710318,0.05204433945138413
PC28,10.319994029356804,0.0018555928795378626,0.053899932330921996
PC29,10.318035923526585,0.001855240801113631,0.055755173132035624
PC30,10.270985447167899,0.0018467808612472234,0.05760195399328285
PC31,10.262746007090053,0.0018452993636517464,0.0594472533569346
PC32,10.24665724868825,0.0018424065145429128,0.06128965987147751
PC33,10.241590625416938,0.0018414955072265518,0.06313115537870406
PC34,10.20745160324088,0.0018353571193278696,0.06496651249803193
PC35,10.174983646668286,0.0018295191984087423,0.06679603169644066
PC36,10.148252588867095,0.0018247128041048982,0.06862074450054556
PC37,10.138175072487337,0.001822900810068418,0.07044364531061398
PC38,10.114987116173644,0.0018187314853087017,0.07226237679592268
PC39,10.09867526026864,0.0018157985220159643,0.07407817531793864
PC40,10.071901309639825,0.001810984415340844,0.07588915973327949
PC41,10.0409423266957,0.0018054178163539223,0.07769457754963341
PC42,10.02621428465973,0.001802769631688918,0.07949734718132233
PC43,10.010934930338102,0.0018000223179789976,0.08129736949930133
PC44,9.982930779213033,0.001794987014346325,0.08309235651364766
PC45,9.962797736507744,0.0017913669802086022,0.08488372349385626
PC46,9.945314047040444,0.001788223314660804,0.08667194680851706
PC47,9.93505412361347,0.0017863785228129077,0.08845832533132997
PC48,9.929254167312205,0.0017853356580996489,0.09024366098942961
PC49,9.90413766533021,0.0017808195699988115,0.09202448055942843
PC50,9.897672285460946,0.0017796570583912675,0.0938041376178197
PC51,9.870361286748201,0.0017747463874548041,0.09557888400527449
PC52,9.858632728022151,0.0017726375267328512,0.09735152153200734
PC53,9.82112715797224,0.0017658938146212309,0.09911741534662857
PC54,9.812600581931921,0.0017643606883672577,0.10088177603499583
PC55,9.797284950324785,0.0017616068517976838,0.10264338288679352
PC56,9.791479857835244,0.00176056306356893,0.10440394595036245
PC57,9.77549607163834,0.0017576890890520205,0.10616163503941448
PC58,9.762754172031638,0.0017553980239491992,0.10791703306336367
PC59,9.744743499415755,0.001752159603871954,0.10966919266723563
PC60,9.733474851776187,0.0017501334377460316,0.11141932610498166
PC61,9.706381649992519,0.0017452619279204789,0.11316458803290214
PC62,9.696125044461056,0.0017434177326488274,0.11490800576555096
PC63,9.67665170850083,0.0017399163174885227,0.11664792208303948
PC64,9.643704440001747,0.001733992213593384,0.11838191429663286
PC65,9.631710521480587,0.0017318356396901133,0.12011374993632297
PC66,9.601758384275072,0.0017264500772210469,0.12184020001354402
PC67,9.597770136250954,0.0017257329678298657,0.12356593298137389
PC68,9.580040880661015,0.0017225451481142132,0.1252884781294881
PC69,9.548103506482805,0.0017168026288891401,0.12700528075837725
PC70,9.518204910577893,0.001711426693446589,0.12871670745182384
PC71,9.516530677711224,0.0017111256569753233,0.13042783310879916
PC72,9.502355717251925,0.0017085769194836948,0.13213641002828286
PC73,9.491285387932285,0.0017065864121053739,0.13384299644038825
PC74,9.469112981314165,0.001702599688883852,0.1355455961292721
PC75,9.427533282858695,0.001695123425606197,0.13724071955487832
PC76,9.420828475102411,0.001693917863520033,0.13893463741839834
PC77,9.410679066729468,0.0016920929428994608,0.1406267303612978
PC78,9.397864730421517,0.0016897888532709788,0.14231651921456878
PC79,9.393704936427238,0.0016890408989510275,0.1440055601135198
PC80,9.361037766703706,0.0016831671583886585,0.14568872727190846
PC81,9.353844092548957,0.0016818736953787676,0.1473706009672872
PC82,9.348440592345288,0.001680902115698199,0.14905150308298543
PC83,9.33307395651215,0.0016781391082823702,0.1507296421912678
PC84,9.314534725173385,0.0016748056503785712,0.15240444784164636
PC85,9.298866918784368,0.0016719884908055391,0.1540764363324519
PC86,9.288452979488218,0.0016701160060394718,0.15574655233849138
PC87,9.257787618601279,0.0016646022019472994,0.1574111545404387
PC88,9.246235864176752,0.0016625251316316242,0.1590736796720703
PC89,9.228198746041059,0.0016592819565014094,0.16073296162857173
PC90,9.211726829076145,0.0016563202133312597,0.162389281841903
PC91,9.196433826200222,0.001653570445534632,0.16404285228743762
PC92,9.193216901040854,0.0016529920243259812,0.1656958443117636
PC93,9.163210625951955,0.001647596727561465,0.16734344103932505
PC94,9.147938341411113,0.001644850685037831,0.1689882917243629
PC95,9.12145983820418,0.0016400897014682825,0.17062838142583117
PC96,9.108136014729732,0.0016376940031861834,0.17226607542901737
PC97,9.105002396034592,0.0016371305609476174,0.17390320598996498
PC98,9.083634482324237,0.00163328849006863,0.1755364944800336
PC99,9.069892063318836,0.0016308175259593962,0.177167312005993
PC100,9.05677146414034,0.0016284583685469375,0.17879577037453995
PC101,9.039035946059832,0.0016252694228003131,0.18042103979734025
PC102,9.017903693759562,0.0016214697251662417,0.1820425095225065
PC103,9.009254758249664,0.0016199145979925152,0.18366242412049902
PC104,9.002199257479502,0.0016186459793331009,0.1852810700998321
PC105,8.993067435396622,0.0016170040264418494,0.18689807412627396
PC106,8.984734904413079,0.001615505790578766,0.18851357991685272
PC107,8.968483196100312,0.001612583642160878,0.1901261635590136
PC108,8.953730760825643,0.0016099310714545725,0.19173609463046817
PC109,8.944236898047375,0.0016082240216132113,0.19334431865208138
PC110,8.939869753842979,0.001607438784561083,0.19495175743664245
PC111,8.920756663757784,0.0016040021436321092,0.19655575958027455
PC112,8.909470363627628,0.0016019728034892496,0.1981577323837638
PC113,8.90471062791121,0.0016011169762786194,0.19975884936004243
PC114,8.87909875719402,0.0015965118180973966,0.20135536117813982
PC115,8.865403894506212,0.0015940494048811236,0.20294941058302093
PC116,8.851898190894548,0.0015916210035289851,0.20454103158654993
PC117,8.83569803152143,0.001588708123899925,0.20612973971044984
PC118,8.825033890956867,0.0015867906515407643,0.20771653036199061
PC119,8.816624586511397,0.0015852786113780964,0.2093018089733687
PC120,8.80255175467577,0.0015827482371865184,0.2108845572105552
PC121,8.791742061640333,0.0015808045936757287,0.21246536180423095
PC122,8.787214179393827,0.0015799904550209871,0.21404535225925195
PC123,8.767928098248017,0.0015765227093278644,0.21562187496857982
PC124,8.761906565827418,0.0015754400039840644,0.2171973149725639
PC125,8.745511133472585,0.0015724920131763148,0.2187698069857402
PC126,8.722160015834381,0.0015682933510942011,0.2203381003368344
PC127,8.700816570920441,0.0015644556798422163,0.2219025560166766
PC128,8.697389092871527,0.0015638394000416422,0.22346639541671826
PC129,8.68090528311273,0.0015608755184803673,0.22502727093519861
PC130,8.67246756471482,0.001559358369329489,0.2265866293045281
PC131,8.652332770614027,0.0015557380202810194,0.22814236732480914
PC132,8.647561937203308,0.0015548801976426334,0.22969724752245177
PC133,8.632738902878266,0.001552214932830614,0.23124946245528238
PC134,8.61382884010278,0.001548814797352048,0.23279827725263444
PC135,8.604100191488799,0.0015470655316989598,0.2343453427843334
PC136,8.591252979506239,0.0015447555308395662,0.23589009831517296
PC137,8.581318423637018,0.0015429692419056912,0.23743306755707866
PC138,8.575096703706572,0.0015418505417234456,0.2389749180988021
PC139,8.547669344649426,0.0015369189485436247,0.24051183704734574
PC140,8.537188714416908,0.001535034472372688,0.24204687151971843
PC141,8.520679509094693,0.0015320660245464988,0.24357893754426493
PC142,8.515282327470722,0.0015310955809820428,0.24511003312524698
PC143,8.503542254036981,0.001528984649850985,0.24663901777509797
PC144,8.485940863180724,0.0015258198209324872,0.24816483759603047
PC145,8.479701751064809,0.0015246979935376265,0.2496895355895681
PC146,8.468017560923483,0.0015225971105363636,0.25121213270010445
PC147,8.458101088410947,0.0015208140730915694,0.252732946773196
PC148,8.441912873268452,0.0015179033411022492,0.25425085011429827
PC149,8.437637948209137,0.0015171346855702734,0.25576798479986856
PC150,8.430278406804508,0.0015158113986974084,0.25728379619856595
PC151,8.40212099126388,0.001510748537262145,0.2587945447358281
PC152,8.395564905636665,0.0015095697162499531,0.260304114452078
PC153,8.39217953549571,0.001508961007687692,0.26181307545976573
PC154,8.382108837336773,0.0015071502396056039,0.26332022569937136
PC155,8.3630348386785,0.0015037206275347126,0.2648239463269061
PC156,8.35144381856443,0.001501636497027557,0.26632558282393365
PC157,8.342214960070375,0.0014999770964446578,0.2678255599203783
PC158,8.329539425597527,0.0014976979641655843,0.2693232578845439
PC159,8.315402092415585,0.0014951559922697243,0.27081841387681366
PC160,8.297433288325287,0.0014919251003884966,0.27231033897720214
PC161,8.28429799685026,0.0014895633012186153,0.27379990227842077
PC162,8.275459038146094,0.0014879740068074632,0.2752878762852282
PC163,8.259656199068841,0.0014851325675987953,0.276773008852827
PC164,8.251944976523504,0.0014837460464819268,0.27825675489930896
PC165,8.241374891208268,0.001481845485784773,0.27973860038509374
PC166,8.228953632949764,0.0014796120737969544,0.28121821245889067
PC167,8.215599332748825,0.0014772108956282867,0.28269542335451897
PC168,8.210843720371237,0.0014763558098171328,0.2841717791643361
PC169,8.177200840680523,0.001470306631123458,0.2856420857954596
PC170,8.174256762738622,0.0014697772693767113,0.28711186306483627
PC171,8.163978630452613,0.0014679292034737064,0.28857979226831
PC172,8.153619440031552,0.0014660665628628284,0.29004585883117284
PC173,8.146140577950266,0.0014647218214622422,0.2915105806526351
PC174,8.13785593570051,0.0014632321962624179,0.2929738128488975
PC175,8.119835000126844,0.0014599919308477306,0.29443380477974523
PC176,8.114359243573318,0.0014590073590696946,0.2958928121388149
PC177,8.103478780714436,0.0014570509907472337,0.29734986312956213
PC178,8.093396069780297,0.0014552380627007053,0.29880510119226283
PC179,8.081519638792475,0.0014531026137156928,0.3002582038059785
PC180,8.067275336351003,0.0014505414081462718,0.3017087452141248
PC181,8.065990278281319,0.001450310347488958,0.3031590555616137
PC182,8.04644845666293,0.0014467966182227267,0.30460585217983643
PC183,8.036873709607683,0.00144507502493415,0.30605092720477056
PC184,8.024532085630144,0.0014428559316372442,0.3074937831364078
PC185,8.018549648780844,0.0014417802558967091,0.3089355633923045
PC186,7.984007509769282,0.0014355693853272563,0.31037113277763173
PC187,7.978491313617439,0.0014345775422823497,0.31180571031991405
PC188,7.977625187117111,0.0014344218078737622,0.31324013212778784
PC189,7.962889162308384,0.0014317721878613881,0.31467190431564923
PC190,7.946561296770078,0.001428836345946679,0.31610074066159594
PC191,7.942959759759034,0.0014281887693672667,0.3175289294309632
PC192,7.927459784234378,0.0014254017867261193,0.31895433121768935
PC193,7.923555379441899,0.0014246997528188177,0.3203790309705082
PC194,7.909900146337571,0.0014222444652241988,0.3218012754357324
PC195,7.893881554090793,0.001419364232384065,0.3232206396681165
PC196,7.889637305718513,0.0014186010926926862,0.3246392407608092
PC197,7.880770773614502,0.0014170068404294005,0.3260562476012386
PC198,7.868718116188175,0.0014148397049411259,0.3274710873061797
PC199,7.86586519307186,0.0014143267333439095,0.3288854140395236
PC200,7.844515238801241,0.0014104878916730399,0.3302959019311966
PC201,7.838641726279619,0.0014094318011382977,0.3317053337323349
PC202,7.8255221768768575,0.0014070728324814112,0.33311240656481633
PC203,7.818230558549944,0.001405761758559349,0.33451816832337566
PC204,7.807474955802166,0.0014038278407860305,0.3359219961641617
PC205,7.788775441842286,0.0014004655631668702,0.33732246172732855
PC206,7.777664071344274,0.0013984676763542068,0.33872092940368276
PC207,7.772578404911723,0.0013975532449705158,0.3401184826486533
PC208,7.7610654427944,0.0013954831497295184,0.34151396579838283
PC209,7.7493941565644535,0.0013933845869239848,0.34290735038530684
PC210,7.740310687626113,0.0013917513281996542,0.3442991017135065
PC211,7.73379142805032,0.0013905791287183087,0.3456896808422248
PC212,7.71314017682879,0.0013868659177793089,0.3470765467600041
PC213,7.7082182310891225,0.0013859809242955901,0.3484625276842997
PC214,7.706061694364872,0.0013855931668823012,0.349848120851182
PC215,7.6956718539609605,0.0013837250152323884,0.35123184586641437
PC216,7.6850442395852925,0.0013818141104871078,0.3526136599769015
PC217,7.671556836053269,0.0013793889995920548,0.35399304897649353
PC218,7.644366024700167,0.0013744999390177806,0.3553675489155113
PC219,7.635807681243988,0.0013729611008040422,0.35674051001631535
PC220,7.632472866878827,0.00137236148245417,0.3581128714987695
PC221,7.611227445406723,0.0013685414363674888,0.359481412935137
PC222,7.60936338448341,0.0013682062677456384,0.36084961920288267
PC223,7.599069304741799,0.0013663553344005618,0.3622159745372832
PC224,7.59081897051126,0.0013648718779752534,0.36358084641525845
PC225,7.584460201041591,0.0013637285355162388,0.3649445749507747
PC226,7.5688959866652326,0.0013609300023688148,0.3663055049531435
PC227,7.555127206827476,0.0013584542984338914,0.3676639592515774
PC228,7.5530986455571325,0.001358089551725875,0.3690220488033033
PC229,7.54046753998639,0.0013558184080128956,0.3703778672113162
PC230,7.534384016504861,0.0013547245563282225,0.37173259176764445
PC231,7.52084696566483,0.0013522905185683895,0.37308488228621284
PC232,7.5051238204436626,0.0013494634087625756,0.3744343456949754
PC233,7.501444141515706,0.001348801781827688,0.3757831474768031
PC234,7.487686921725018,0.001346328156454144,0.3771294756332572
PC235,7.476198297824465,0.0013442624373611958,0.3784737380706184
PC236,7.457702261142154,0.0013409367460991916,0.3798146748167176
PC237,7.456324407506884,0.0013406890002780818,0.38115536381699566
PC238,7.451338483006005,0.0013397925030538172,0.3824951563200495
PC239,7.444304314630304,0.0013385277200787214,0.3838336840401282
PC240,7.431893219096518,0.001336296135405877,0.38516998017553405
PC241,7.420338357320866,0.00133421850637102,0.38650419868190505
PC242,7.414051131064591,0.0013330880277835323,0.3878372867096886
PC243,7.4033273064204455,0.0013311598238917003,0.3891684465335803
PC244,7.398017679171762,0.0013302051230955922,0.3904986516566759
PC245,7.386498816930189,0.0013281339669791218,0.391826785623655
PC246,7.371193190331316,0.001325381929366218,0.39315216755302124
PC247,7.369751603894141,0.0013251227240294269,0.39447729027705064
PC248,7.34155086081611,0.001320052072059628,0.3957973423491103
PC249,7.32731189005995,0.0013174918251571668,0.39711483417426746
PC250,7.313410440298527,0.0013149922664249455,0.3984298264406924
PC251,7.309614854737241,0.001314309798826499,0.39974413623951893
PC252,7.2936515165314315,0.0013114395009732162,0.40105557574049217
PC253,7.290767469543893,0.0013109209331291743,0.40236649667362134
PC254,7.282194954250092,0.001309379546739448,0.4036758762203608
PC255,7.261012598313611,0.0013055708401902234,0.404981447060551
PC256,7.25746384935482,0.0013049327551990432,0.40628637981575005
PC257,7.249488406507955,0.001303498725788202,0.4075898785415383
PC258,7.244564432652974,0.0013026133676379606,0.40889249190917626
PC259,7.233061253665368,0.0013005450314586245,0.41019303694063486
PC260,7.220174139265124,0.0012982278559204548,0.4114912647965553
PC261,7.199375692457067,0.0012944881783884046,0.4127857529749437
PC262,7.192510167773368,0.001293253718496168,0.41407900669343983
PC263,7.184968153133865,0.001291897621910974,0.4153709043153508
PC264,7.178794746911489,0.0012907876088047506,0.41666169192415553
PC265,7.171341519460945,0.0012894474766547257,0.41795113940081025
PC266,7.15913966261259,0.0012872535142725247,0.41923839291508275
PC267,7.1541115897582515,0.0012863494385376194,0.42052474235362036
PC268,7.150662779352334,0.001285729323059462,0.42181047167667984
PC269,7.140067433728849,0.0012838242204170327,0.42309429589709685
PC270,7.116423948550524,0.001279572989009383,0.42437386888610623
PC271,7.114796790684896,0.0012792804168876596,0.4256531493029939
PC272,7.1136223256506,0.0012790692414791558,0.42693221854447305
PC273,7.09849370091048,0.001276349029794429,0.4282085675742675
PC274,7.085464292883597,0.0012740062690631243,0.4294825738433306
PC275,7.0847909324134575,0.0012738851950692635,0.4307564590383999
PC276,7.063781185509602,0.0012701075245934099,0.43202656656299326
PC277,7.0573209383067725,0.0012689459358681135,0.4332955124988614
PC278,7.050443559655211,0.0012677093445658879,0.43456322184342727
PC279,7.038855830153737,0.0012656258057293557,0.43582884764915664
PC280,7.024630729053352,0.0012630680526688894,0.43709191570182554
PC281,7.023117630133134,0.0012627959889860612,0.4383547116908116
PC282,7.0116766321134465,0.0012607388332939408,0.4396154505241055
PC283,7.002746043120804,0.0012591330632423607,0.4408745835873479
PC284,6.988893116963265,0.0012566422293266075,0.44213122581667447
PC285,6.987559115277383,0.001256402368332253,0.4433876281850067
PC286,6.977483471239205,0.0012545907109533033,0.44464221889596
PC287,6.971821906945941,0.0012535727299002384,0.44589579162586024
PC288,6.962785762076057,0.0012519479803091698,0.4471477396061694
PC289,6.9453388483708745,0.0012488109272499185,0.4483965505334193
PC290,6.939360561185164,0.0012477359976421998,0.44964428653106153
PC291,6.936953857563646,0.0012473032588159424,0.4508915897898775
PC292,6.926586980164433,0.0012454392360432256,0.4521370290259207
PC293,6.922804157678654,0.0012447590633174277,0.4533817880892381
PC294,6.902013476173461,0.0012410207820304393,0.45462280887126855
PC295,6.894048750540572,0.0012395886796348545,0.4558623975509034
PC296,6.886887716941274,0.0012383010855801305,0.45710069863648356
PC297,6.879716669200039,0.0012370116909264505,0.45833771032741
PC298,6.876880078049327,0.0012365016559083633,0.4595742119833184
PC299,6.868052340666769,0.001234914379153851,0.46080912636247223
PC300,6.851254184075639,0.0012318939762668733,0.4620410203387391
PC301,6.84053182732972,0.0012299660363113854,0.4632709863750505
PC302,6.8362023026350585,0.001229187563458364,0.46450017393850884
PC303,6.819696933098625,0.0012262198053279985,0.46572639374383684
PC304,6.81278022739329,0.0012249761428006591,0.4669513698866375
PC305,6.7952842111782505,0.001221830260834395,0.4681732001474719
PC306,6.791051909174036,0.0012210692691670807,0.469394269416639
PC307,6.7765383272488195,0.0012184596456343139,0.4706127290622733
PC308,6.7730933588235915,0.0012178402209658595,0.4718305692832392
PC309,6.764024910530729,0.001216209663037936,0.4730467789462771
PC310,6.7527618248232075,0.0012141844969786291,0.47426096344325575
PC311,6.744179275176831,0.0012126413063559608,0.4754736047496117
PC312,6.741678787464253,0.001212191704623476,0.4766857964542352
PC313,6.738479461781005,0.0012116164478994634,0.47789741290213467
PC314,6.726698860758629,0.0012094982296803817,0.479106911131815
PC315,6.717942102542906,0.0012079237153786574,0.4803148348471937
PC316,6.711727034343455,0.0012068062112149986,0.48152164105840867
PC317,6.700102491011635,0.001204716053045038,0.48272635711145373
PC318,6.689880193118398,0.0012028780264793978,0.4839292351379331
PC319,6.6886413479912195,0.0012026552751686602,0.4851318904131018
PC320,6.683222021151291,0.0012016808497700162,0.4863335712628718
PC321,6.677608985710764,0.0012006715944771927,0.487534242857349
PC322,6.670852940690607,0.0011994568196432558,0.4887336996769922
PC323,6.662599613783645,0.0011979728251179209,0.4899316725021101
PC324,6.654263420648447,0.0011964739307794043,0.49112814643288955
PC325,6.633668622251899,0.0011927708703753535,0.4923209173032649
PC326,6.621235628068759,0.0011905353482023812,0.4935114526514673
PC327,6.619761901077208,0.0011902703638134245,0.4947017230152807
PC328,6.607680789240992,0.0011880981120624629,0.49588982112734314
PC329,6.604377387012512,0.0011875041417911643,0.4970773252691343
PC330,6.5944018087743,0.0011857104768049792,0.4982630357459393
PC331,6.581665871379938,0.001183420483741418,0.4994464562296807
PC332,6.5741376634217445,0.0011820668696750564,0.5006285230993558
PC333,6.564913393889293,0.0011804082942132234,0.501808931393569
PC334,6.547717094294077,0.0011773163029782953,0.5029862476965473
PC335,6.54667691793473,0.00117712927342766,0.5041633769699749
PC336,6.540098128531147,0.0011759463701489818,0.5053393233401239
PC337,6.528722806782062,0.001173901023419128,0.506513224363543
PC338,6.5206218891340555,0.001172444432934424,0.5076856687964774
PC339,6.51538359459241,0.001171502558159618,0.5088571713546369
PC340,6.500455132391521,0.0011688183368234798,0.5100259896914604
PC341,6.496158555546499,0.0011680457881788457,0.5111940354796393
PC342,6.4908884342103805,0.0011670981907676667,0.5123611336704069
PC343,6.483492841877904,0.0011657684217355267,0.5135269020921425
PC344,6.468505635934548,0.001163073637944611,0.5146899757300871
PC345,6.460155209462582,0.0011615721843722146,0.5158515479144593
PC346,6.455293097840928,0.0011606979493989198,0.5170122458638582
PC347,6.444474133899068,0.0011587526389270934,0.5181709985027853
PC348,6.430531036689752,0.0011562455917498652,0.5193272440945351
PC349,6.426804374304632,0.0011555755169255389,0.5204828196114607
PC350,6.415769294957869,0.001153591347690291,0.521636410959151
PC351,6.407128972935234,0.0011520377692699445,0.522788448728421
PC352,6.391774563173124,0.0011492769601703433,0.5239377256885913
PC353,6.389081298251626,0.0011487926960131332,0.5250865183846044
PC354,6.38509091889431,0.0011480752033962744,0.5262345935880007
PC355,6.3785605903539135,0.0011469010136529341,0.5273814946016536
PC356,6.375203790624485,0.0011462974422111055,0.5285277920438647
PC357,6.354479994320264,0.0011425711872588532,0.5296703632311235
PC358,6.33969166084432,0.001139912161854368,0.5308102753929779
PC359,6.335407387890256,0.0011391418255184223,0.5319494172184963
PC360,6.3316766787282015,0.001138471023060878,0.5330878882415572
PC361,6.319004480289621,0.0011361924906194995,0.5342240807321766
PC362,6.305143113161373,0.0011337001389698116,0.5353577808711465
PC363,6.301425982226058,0.001133031777953685,0.5364908126491001
PC364,6.284501934206405,0.001129988739080902,0.537620801388181
PC365,6.278617477323847,0.0011289306806886042,0.5387497320688697
PC366,6.267060498687803,0.001126852671030361,0.5398765847399001
PC367,6.264643545045301,0.0011264180891927707,0.5410030028290929
PC368,6.2592512384554695,0.0011254485221868294,0.5421284513512797
PC369,6.25013806106097,0.00112380992171525,0.543252261272995
PC370,6.242167007964082,0.0011223766816061058,0.5443746379546011
PC371,6.235124770141259,0.0011211104476991026,0.5454957484023002
PC372,6.229334935901805,0.0011200694029893988,0.5466158178052896
PC373,6.222905680647269,0.0011189133867904445,0.54773473119208
PC374,6.212632869021099,0.0011170662775719577,0.548851797469652
PC375,6.203787515167669,0.001115475833277055,0.549967273302929
PC376,6.192217780213419,0.0011133955299611642,0.5510806688328902
PC377,6.188957221228996,0.001112809263145738,0.5521934780960359
PC378,6.1742683229815025,0.001110168116753718,0.5533036462127896
PC379,6.164356630705042,0.0011083859388222141,0.5544120321516118
PC380,6.1537839627342406,0.0011064849137490862,0.5555185170653609
PC381,6.143427819140073,0.0011046228209747936,0.5566231398863357
PC382,6.129113041390338,0.001102048943549185,0.5577251888298849
PC383,6.125012239732779,0.0011013115963826542,0.5588265004262675
PC384,6.116955052179157,0.0010998628688144915,0.5599263632950819
PC385,6.113368301114832,0.0010992179508313314,0.5610255812459133
PC386,6.109557021373667,0.0010985326613312102,0.5621241139072445
PC387,6.090182922396115,0.0010950490895376664,0.5632191629967821
PC388,6.089861974086576,0.0010949913812292908,0.5643141543780114
PC389,6.0780361595669765,0.001092865033369507,0.5654070194113808
PC390,6.061717143889849,0.0010899307827095354,0.5664969501940904
PC391,6.058631710797533,0.0010893760045129486,0.5675863261986034
PC392,6.050761046739062,0.0010879608149166574,0.5686742870135201
PC393,6.036779746729666,0.0010854468986614427,0.5697597339121815
PC394,6.033620041335444,0.0010848787658878892,0.5708446126780694
PC395,6.02901365548526,0.0010840505118443605,0.5719286631899138
PC396,6.024995202182336,0.0010833279713744293,0.5730119911612882
PC397,6.019205379184791,0.0010822869286860838,0.5740942780899743
PC398,6.009662076859304,0.0010805709893364993,0.5751748490793107
PC399,6.00268366522774,0.0010793162317371075,0.5762541653110478
PC400,5.9968056194893125,0.0010782593261045269,0.5773324246371523
PC401,5.982015580517287,0.001075599994042269,0.5784080246311946
PC402,5.975250986526722,0.0010743836820554453,0.57948240831325
PC403,5.968031005733697,0.0010730854889642646,0.5805554938022143
PC404,5.960588325416617,0.0010717472532480652,0.5816272410554624
PC405,5.943830236335589,0.001068734054724407,0.5826959751101868
PC406,5.941739539640763,0.0010683581357181407,0.5837643332459049
PC407,5.938180690062846,0.0010677182345789206,0.5848320514804839
PC408,5.925824011190989,0.001065496434327474,0.5858975479148114
PC409,5.924751360113796,0.0010653035656402047,0.5869628514804516
PC410,5.914619589765161,0.0010634818164354514,0.588026333296887
PC411,5.908830594317856,0.0010624409225452865,0.5890887742194323
PC412,5.881595542785863,0.001057543907338412,0.5901463181267707
PC413,5.879846571157716,0.001057229432418129,0.5912035475591888
PC414,5.87292292173081,0.0010559845213706578,0.5922595320805595
PC415,5.86860681145952,0.0010552084605062887,0.5933147405410658
PC416,5.86517162143701,0.0010545907940495548,0.5943693313351154
PC417,5.860403103513748,0.0010537333877488162,0.5954230647228642
PC418,5.84596567126312,0.0010511374563551676,0.5964742021792194
PC419,5.8375529796154435,0.0010496248071545217,0.597523826986374
PC420,5.835440516988682,0.001049244974511464,0.5985730719608854
PC421,5.824474927822507,0.001047273300000916,0.5996203452608863
PC422,5.8134157468459975,0.0010452847971572947,0.6006656300580435
PC423,5.807193852790648,0.0010441660656664135,0.6017097961237099
PC424,5.801040028874548,0.0010430595735688249,0.6027528556972788
PC425,5.7971699074545455,0.0010423637040044168,0.6037952194012832
PC426,5.793995084735727,0.0010417928530510076,0.6048370122543343
PC427,5.785375475885876,0.0010402429989754445,0.6058772552533097
PC428,5.781294098619553,0.0010395091444235377,0.6069167643977332
PC429,5.775897136079367,0.0010385387402515765,0.6079553031379848
PC430,5.75824407029129,0.0010353646198901511,0.608990667757875
PC431,5.751146388026406,0.001034088416761111,0.6100247561746361
PC432,5.748762937241841,0.0010336598589255166,0.6110584160335617
PC433,5.743231655942015,0.0010326653034862905,0.612091081337048
PC434,5.7371956489197595,0.001031579995527829,0.6131226613325759
PC435,5.731573627779919,0.0010305691245558084,0.6141532304571317
PC436,5.717944415677065,0.0010281185156833786,0.6151813489728151
PC437,5.7096038605982935,0.0010266188370429126,0.616207967809858
PC438,5.70225322654412,0.0010252971517616797,0.6172332649616197
PC439,5.687418332752822,0.0010226297545510295,0.6182558947161707
PC440,5.683596374703098,0.0010219425450310642,0.6192778372612018
PC441,5.673562496872512,0.001020138397450782,0.6202979756586525
PC442,5.667453043374247,0.0010190398834034873,0.621317015542056
PC443,5.662622983325152,0.0010181714114829274,0.622335186953539
PC444,5.654260194356745,0.0010166677350642481,0.6233518546886032
PC445,5.649830934209432,0.0010158713292167647,0.62436772601782
PC446,5.636590000446588,0.001013490534970288,0.6253812165527902
PC447,5.624410013183489,0.0010113005048623272,0.6263925170576525
PC448,5.620826959507832,0.0010106562516904128,0.6274031733093429
PC449,5.606292622886056,0.0010080428963466545,0.6284112162056896
PC450,5.600693037263941,0.0010070360594067102,0.6294182522650963
PC451,5.593802309902784,0.0010057970679315381,0.6304240493330279
PC452,5.587711606987654,0.0010047019253443868,0.6314287512583723
PC453,5.582352599378068,0.0010037383456820879,0.6324324896040544
PC454,5.569440661271696,0.001001416706702156,0.6334339063107566
PC455,5.5623111882172775,0.001000134787410633,0.6344340410981673
PC456,5.554298581732922,0.0009986940757690742,0.6354327351739363
PC457,5.55303352809632,0.0009984666120211657,0.6364312017859575
PC458,5.5519942180756585,0.0009982797382430911,0.6374294815242005
PC459,5.538137618671959,0.0009957882438570507,0.6384252697680576
PC460,5.521152012295148,0.0009927341364459627,0.6394180039045035
PC461,5.518737365727995,0.0009922999694334756,0.640410303873937
PC462,5.508579123589866,0.000990473460452316,0.6414007773343894
PC463,5.505416041354442,0.0009899047205037513,0.6423906820548931
PC464,5.4954448899107575,0.0009881118514800812,0.6433787939063732
PC465,5.489081096907998,0.0009869676057616067,0.6443657615121348
PC466,5.4841960164752885,0.0009860892408671,0.6453518507530018
PC467,5.467588088468694,0.0009831030421478713,0.6463349537951497
PC468,5.458937568906351,0.0009815476301526197,0.6473165014253023
PC469,5.453820713288097,0.000980627590778193,0.6482971290160805
PC470,5.450844810180648,0.000980092506687963,0.6492772215227685
PC471,5.443323181077227,0.000978740075536634,0.6502559615983051
PC472,5.437745015555914,0.000977737090051101,0.6512336986883562
PC473,5.432560172904441,0.0009768048262263128,0.6522105035145825
PC474,5.414687170655604,0.0009735911600541657,0.6531840946746367
PC475,5.409756118455334,0.0009727045291776921,0.6541567992038143
PC476,5.401390865094122,0.0009712004096473475,0.6551279996134617
PC477,5.398554085173876,0.0009706903406874382,0.6560986899541491
PC478,5.394695698283059,0.0009699965810572741,0.6570686865352063
PC479,5.387281147684315,0.000968663403222397,0.6580373499384288
PC480,5.38360507259224,0.0009680024242774386,0.6590053523627062
PC481,5.375952797977426,0.0009666265023295068,0.6599719788650357
PC482,5.363635618505467,0.0009644118042919749,0.6609363906693276
PC483,5.356068543424584,0.0009630512016986913,0.6618994418710263
PC484,5.3499109239776095,0.0009619440271433372,0.6628613858981697
PC485,5.343122694798955,0.000960723465416969,0.6638221093635867
PC486,5.339447068937053,0.0009600625672461184,0.6647821719308328
PC487,5.333891854570918,0.0009590637085071711,0.66574123563934
PC488,5.321111935490859,0.0009567658072895378,0.6666980014466295
PC489,5.314631748602103,0.0009556006332967385,0.6676536020799262
PC490,5.305371490574612,0.0009539355869014,0.6686075376668276
PC491,5.3033259652253575,0.0009535677899567319,0.6695611054567843
PC492,5.298902250300481,0.0009527723811713822,0.6705138778379557
PC493,5.287860510305468,0.0009507870143141757,0.6714646648522699
PC494,5.270911602382255,0.0009477395054911287,0.672412404357761
PC495,5.266285726839479,0.0009469077470914256,0.6733593121048523
PC496,5.2540960588705525,0.0009447159763381938,0.6743040280811905
PC497,5.252558123052644,0.0009444394468416864,0.6752484675280321
PC498,5.242369289496005,0.0009426074373516892,0.6761910749653838
PC499,5.241528891912819,0.0009424563291468874,0.6771335312945307
PC500,5.234452646202811,0.0009411839804307935,0.6780747152749614
PC501,5.219287654467536,0.0009384572297561148,0.6790131725047176
PC502,5.216882008227802,0.00093802468105304,0.6799511971857707
PC503,5.204483004150526,0.0009357952704919771,0.6808869924562626
PC504,5.197823152067904,0.0009345977916883912,0.681821590247951
PC505,5.196317224745466,0.0009343270174991167,0.68275591726545
PC506,5.184681108155281,0.000932234778392311,0.6836881520438424
PC507,5.177304626859238,0.0009309084456318419,0.6846190604894742
PC508,5.176384095471037,0.0009307429289188984,0.6855498034183931
PC509,5.170213521194969,0.0009296334250125241,0.6864794368434056
PC510,5.155723675799027,0.000927028069441016,0.6874064649128466
PC511,5.1531744957810135,0.000926569712558577,0.6883330346254052
PC512,5.14496695416998,0.000925093950486562,0.6892581285758917
PC513,5.131873058355851,0.0009227395944889722,0.6901808681703807
PC514,5.128259974022156,0.0009220899416361021,0.6911029581120168
PC515,5.119770313985375,0.0009205634530868709,0.6920235215651037
PC516,5.116173640800673,0.0009199167510507482,0.6929434383161545
PC517,5.1102663276471025,0.0009188545829725707,0.693862292899127
PC518,5.107565824883795,0.0009183690174107582,0.6947806619165378
PC519,5.102726776470052,0.0009174989293317596,0.6956981608458696
PC520,5.099572727152163,0.0009169318135524928,0.696615092659422
PC521,5.091969884666914,0.0009155647797790484,0.6975306574392011
PC522,5.078604455200536,0.0009131616005059571,0.698443819039707
PC523,5.069017059675774,0.0009114377329515328,0.6993552567726585
PC524,5.058571375673721,0.0009095595403090783,0.7002648163129676
PC525,5.056094912844753,0.000909114258385581,0.7011739305713531
PC526,5.044910073848748,0.0009071031615244078,0.7020810337328776
PC527,5.03570041078169,0.0009054472123870767,0.7029864809452646
PC528,5.030773010955197,0.0009045612382279185,0.7038910421834925
PC529,5.023899622217383,0.0009033253643345905,0.7047943675478271
PC530,5.019862415744116,0.000902599451939321,0.7056969669997664
PC531,5.014133780582081,0.0009015694111674073,0.7065985364109337
PC532,4.999725113862258,0.0008989786519777332,0.7074975150629115
PC533,4.989815677490537,0.0008971968796705698,0.7083947119425821
PC534,4.983832352278719,0.0008961210441974653,0.7092908329867795
PC535,4.978269538610399,0.0008951208190613105,0.7101859538058408
PC536,4.9738967731858725,0.0008943345712822364,0.711080288377123
PC537,4.966191812940984,0.0008929491761621553,0.7119732375532851
PC538,4.964798259458639,0.000892698607420377,0.7128659361607055
PC539,4.9502124107465555,0.0008900759899135095,0.713756012150619
PC540,4.945300975425527,0.0008891928862620842,0.7146452050368811
PC541,4.933323111720659,0.0008870391991049404,0.715532244235986
PC542,4.9289043788331535,0.0008862446861178872,0.7164184889221039
PC543,4.923786120182883,0.0008853243944704252,0.7173038133165743
PC544,4.914766502445806,0.0008837026165506451,0.718187515933125
PC545,4.91073229740405,0.0008829772438296161,0.7190704931769546
PC546,4.906096483259793,0.0008821436984135553,0.7199526368753681
PC547,4.897405630479005,0.0008805810342791317,0.7208332179096473
PC548,4.893713010827855,0.0008799170805295439,0.7217131349901769
PC549,4.890074940477919,0.0008792629350506419,0.7225923979252276
PC550,4.881918411603698,0.0008777963453551736,0.7234701942705827
PC551,4.87762156644006,0.0008770237484653456,0.724347218019048
PC552,4.870742839740026,0.0008757869147764345,0.7252230049338244
PC553,4.862095108392626,0.0008742320041178871,0.7260972369379423
PC554,4.851155504691753,0.0008722650019399246,0.7269695019398822
PC555,4.845328686589404,0.0008712173073239855,0.7278407192472062
PC556,4.8320226921738545,0.0008688248148067971,0.7287095440620129
PC557,4.828324265354402,0.0008681598168957377,0.7295777038789086
PC558,4.826270886540639,0.000867790607854049,0.7304454944867627
PC559,4.819401944942814,0.0008665555335814644,0.7313120500203442
PC560,4.813591309963724,0.0008655107487819653,0.7321775607691261
PC561,4.8059453966266705,0.0008641359706274972,0.7330416967397536
PC562,4.802472410194393,0.0008635115081640372,0.7339052082479176
PC563,4.7907848321322675,0.0008614100159955892,0.7347666182639132
PC564,4.789134479282606,0.0008611132732854825,0.7356277315371987
PC565,4.783207800216968,0.0008600476231075638,0.7364877791603063
PC566,4.778938017733304,0.0008592798922395686,0.7373470590525458
PC567,4.768729425368442,0.0008574443300048952,0.7382045033825507
PC568,4.760744681935189,0.000856008628296393,0.7390605120108471
PC569,4.7539183128742035,0.0008547812088050028,0.7399152932196521
PC570,4.74475540798614,0.0008531336670508305,0.740768426886703
PC571,4.72824836836238,0.0008501656086293853,0.7416185924953324
PC572,4.725270750855011,0.0008496302162804223,0.7424682227116127
PC573,4.7163630924928786,0.0008480285692849774,0.7433162512808977
PC574,4.715575343565906,0.000847886927604217,0.7441641382085019
PC575,4.704562494215595,0.0008459067554471665,0.7450100449639491
PC576,4.699854787531556,0.0008450602833487325,0.7458551052472978
PC577,4.694557691550503,0.0008441078357449152,0.7466992130830428
PC578,4.686241360637541,0.0008426125127454953,0.7475418255957883
PC579,4.681991511883401,0.0008418483660740086,0.7483836739618623
PC580,4.675939430213795,0.0008407601678036844,0.749224434129666
PC581,4.669351784816415,0.0008395756721675896,0.7500640098018336
PC582,4.660274870527041,0.0008379435920059514,0.7509019533938396
PC583,4.651372329932809,0.0008363428652139144,0.7517382962590535
PC584,4.649646581390154,0.0008360325659348146,0.7525743288249883
PC585,4.637566055712626,0.0008338604195784767,0.7534081892445668
PC586,4.63177104478065,0.0008328184440703873,0.7542410076886371
PC587,4.618146403286241,0.0008303686570190225,0.7550713763456561
PC588,4.611818662201272,0.0008292308936378202,0.755900607239294
PC589,4.608313348983066,0.0008286006186367156,0.7567292078579307
PC590,4.599320988407057,0.000826983741707561,0.7575561915996383
PC591,4.591614436450656,0.0008255980603888114,0.7583817896600271
PC592,4.586095875777423,0.0008246057921896809,0.7592063954522168
PC593,4.579709272297304,0.0008234574450192825,0.7600298528972361
PC594,4.571086162166038,0.0008219069613936592,0.7608517598586297
PC595,4.568289542378884,0.0008214041134512034,0.761673163972081
PC596,4.559022304630262,0.0008197378120628101,0.7624929017841438
PC597,4.555816515842178,0.0008191613932362537,0.76331206317738
PC598,4.545311650233326,0.0008172725594085559,0.7641293357367885
PC599,4.535741307047306,0.0008155517579603966,0.764944887494749
PC600,4.529910889476179,0.000814503416139758,0.7657593909108887
PC601,4.5246921036796275,0.0008135650491468735,0.7665729559600356
PC602,4.517234051727928,0.0008122240495244483,0.76738518000956
PC603,4.515395397618742,0.0008118934491904527,0.7681970734587504
PC604,4.507435187272155,0.0008104621586687012,0.7690075356174192
PC605,4.5021019536008,0.0008095032133052322,0.7698170388307244
PC606,4.493069585675109,0.0008078791428299392,0.7706249179735544
PC607,4.4840726513002105,0.0008062614435060599,0.7714311794170604
PC608,4.477542331735252,0.0008050872553765539,0.7722362666724369
PC609,4.47198833033481,0.0008040886147356496,0.7730403552871726
PC610,4.468901043813474,0.0008035335032821171,0.7738438887904547
PC611,4.457948187306862,0.0008015641181752599,0.77464545290863
PC612,4.452295657125677,0.000800547761506279,0.7754460006701362
PC613,4.443222646961108,0.0007989163833282049,0.7762449170534644
PC614,4.440962903245016,0.0007985100687182126,0.7770434271221827
PC615,4.432328168168972,0.0007969574948622371,0.7778403846170449
PC616,4.429690572356818,0.0007964832403235029,0.7786368678573684
PC617,4.427911990465578,0.000796163441311636,0.77943303129868
PC618,4.4202554422930405,0.000794786750954027,0.780227818049634
PC619,4.414542958039575,0.0007937596142061713,0.7810215776638402
PC620,4.4007258723582545,0.0007912752246093083,0.7818128528884495
PC621,4.392465652832303,0.0007897899907523727,0.7826026428792019
PC622,4.389510356543932,0.0007892586118839327,0.7833919014910858
PC623,4.375954953205007,0.0007868212742417382,0.7841787227653276
PC624,4.369597101619421,0.0007856780968234364,0.784964400862151
PC625,4.364330000117455,0.0007847310423953961,0.7857491319045464
PC626,4.358918140602794,0.0007837579596637688,0.7865328898642102
PC627,4.353165147680165,0.0007827235392297166,0.7873156134034399
PC628,4.342576508262903,0.0007808196424008258,0.7880964330458408
PC629,4.339134498572431,0.0007802007497294956,0.7888766337955703
PC630,4.334371093669867,0.0007793442627785915,0.7896559780583489
PC631,4.323049898290408,0.000777308648273949,0.7904332867066228
PC632,4.319681713148808,0.0007767030296710758,0.7912099897362939
PC633,4.316327819548219,0.0007760999807675322,0.7919860897170614
PC634,4.310865932550556,0.0007751179028135263,0.7927612076198749
PC635,4.299634259044916,0.0007730983848445167,0.7935343060047194
PC636,4.291898981553337,0.0007717075385132307,0.7943060135432326
PC637,4.2853331337945395,0.00077052696221496,0.7950765405054475
PC638,4.279973220734705,0.0007695632197476215,0.7958461037251952
PC639,4.267160673666424,0.0007672594518344796,0.7966133631770297
PC640,4.262471745507586,0.0007664163562203298,0.79737977953325
PC641,4.261687823417164,0.0007662754026262714,0.7981460549358763
PC642,4.250501026506386,0.0007642639537210272,0.7989103188895973
PC643,4.242552965488467,0.0007628348477167961,0.7996731537373141
PC644,4.240240170943174,0.0007624189942698008,0.8004355727315838
PC645,4.228829652803414,0.0007603673190312545,0.8011959400506151
PC646,4.226125684440713,0.0007598811303352095,0.8019558211809503
PC647,4.221470101174034,0.0007590440303199218,0.8027148652112702
PC648,4.217435435992895,0.0007583185748632477,0.8034731837861334
PC649,4.2150737470944915,0.0007578939299369914,0.8042310777160704
PC650,4.203404013782928,0.0007557956463549036,0.8049868733624252
PC651,4.1991939843819654,0.0007550386594267283,0.805741912021852
PC652,4.190825324055767,0.000753533927304947,0.8064954459491569
PC653,4.186668361519326,0.0007527864820970153,0.8072482324312539
PC654,4.179176416187043,0.0007514393882544293,0.8079996718195083
PC655,4.175878152641545,0.0007508463419471877,0.8087505181614555
PC656,4.16772425681026,0.0007493802256876254,0.8094998983871431
PC657,4.165280749343864,0.000748940869323383,0.8102488392564665
PC658,4.1579217125984345,0.0007476176731910759,0.8109964569296576
PC659,4.151425503193883,0.0007464496182599604,0.8117429065479176
PC660,4.1440417345177885,0.000745121975187635,0.8124880285231052
PC661,4.136581732379615,0.0007437806249107304,0.813231809148016
PC662,4.124487131240044,0.0007416059477072749,0.8139734150957232
PC663,4.113928792455411,0.0007397074991022872,0.8147131225948254
PC664,4.111311269857068,0.0007392368538401196,0.8154523594486656
PC665,4.105002533006915,0.0007381025075270577,0.8161904619561926
PC666,4.0973929765805845,0.000736734266549304,0.8169271962227419
PC667,4.092922651739163,0.0007359304770392164,0.8176631266997811
PC668,4.089694158899348,0.0007353499758966616,0.8183984766756778
PC669,4.079148151153762,0.000733453744481741,0.8191319304201595
PC670,4.076863730510298,0.0007330429928216312,0.8198649734129811
PC671,4.070148740757322,0.0007318355999552838,0.8205968090129364
PC672,4.063870042506354,0.0007307066547510404,0.8213275156676875
PC673,4.058674204325659,0.0007297724138683519,0.8220572880815559
PC674,4.054534415293482,0.0007290280565529265,0.8227863161381088
PC675,4.046218600553454,0.0007275328263642987,0.8235138489644731
PC676,4.044342521380723,0.0007271954967937132,0.8242410444612668
PC677,4.0367122845137615,0.0007258235373566006,0.8249668679986234
PC678,4.027075316314305,0.0007240907563568855,0.8256909587549803
PC679,4.023507896007802,0.0007234493141525357,0.8264144080691329
PC680,4.013291659471612,0.000721612377452931,0.8271360204465859
PC681,4.007261635472251,0.0007205281452755839,0.8278565485918614
PC682,4.001253812128347,0.0007194479049007585,0.8285759964967622
PC683,3.993455301974852,0.0007180456889817701,0.829294042185744
PC684,3.990450596444776,0.0007175054260542086,0.8300115476117982
PC685,3.9841921131304407,0.000716380115609091,0.8307279277274072
PC686,3.974555592133899,0.0007146474150189711,0.8314425751424261
PC687,3.9705131811101877,0.0007139205668163049,0.8321564957092424
PC688,3.9633900841571017,0.0007126397939836071,0.832869135503226
PC689,3.9493237542294684,0.0007101105888715985,0.8335792460920977
PC690,3.944019956755716,0.0007091569363017608,0.8342884030283995
PC691,3.9435445207460558,0.0007090714502373608,0.8349974744786368
PC692,3.9396582621157825,0.0007083726791119256,0.8357058471577488
PC693,3.9369530238538832,0.0007078862620808737,0.8364137334198296
PC694,3.920771333348935,0.0007049767032580244,0.8371187101230876
PC695,3.915760874333204,0.0007040757945902133,0.8378227859176778
PC696,3.912010098139491,0.0007034013839676881,0.8385261873016455
PC697,3.903009180393206,0.0007017829684112643,0.8392279702700568
PC698,3.896621371628393,0.0007006344045239095,0.8399286046745807
PC699,3.8918572724618548,0.000699777792740444,0.8406283824673212
PC700,3.887630841266047,0.0006990178566774494,0.8413274003239987
PC701,3.8798529032563085,0.0006976193397454335,0.8420250196637441
PC702,3.871198179845091,0.0006960631718745471,0.8427210828356186
PC703,3.867712772804376,0.0006954364761159406,0.8434165193117346
PC704,3.857243230253434,0.0006935539935724156,0.844110073305307
PC705,3.847553887091625,0.000691811795260352,0.8448018851005673
PC706,3.8446869015597627,0.0006912962951618511,0.8454931813957292
PC707,3.8434364900788816,0.0006910714641557657,0.846184252859885
PC708,3.8398750435953057,0.0006904310960783251,0.8468746839559633
PC709,3.829866124325706,0.000688631436187466,0.8475633153921508
PC710,3.8249308250048437,0.0006877440416548598,0.8482510594338056
PC711,3.8198745678373243,0.0006868348982221725,0.8489378943320278
PC712,3.8084682665700353,0.0006847839812009769,0.8496226783132288
PC713,3.8041553934238275,0.0006840085023898761,0.8503066868156187
PC714,3.798955999947651,0.0006830736222450947,0.8509897604378638
PC715,3.7916912136141185,0.0006817673728661203,0.8516715278107299
PC716,3.7887745766461824,0.0006812429451605902,0.8523527707558904
PC717,3.7836042736651967,0.0006803132956502049,0.8530330840515407
PC718,3.774199866761987,0.0006786223304775284,0.8537117063820182
PC719,3.770622794172966,0.0006779791527385785,0.8543896855347568
PC720,3.763218334949091,0.0006766477893895721,0.8550663333241464
PC721,3.7613855040053097,0.0006763182360934168,0.8557426515602398
PC722,3.7529097182397484,0.0006747942422160633,0.8564174458024558
PC723,3.7501705087112485,0.0006743017169605072,0.8570917475194163
PC724,3.745393511919949,0.0006734427861116816,0.857765190305528
PC725,3.7411532510304157,0.000672680363392093,0.8584378706689201
PC726,3.7282986204162967,0.0006703690286210849,0.8591082396975411
PC727,3.7205717939947323,0.0006689797018396455,0.8597772193993808
PC728,3.716750207260703,0.0006682925590843271,0.8604455119584651
PC729,3.7081530221923886,0.0006667467369306075,0.8611122586953956
PC730,3.704635259905251,0.0006661142235169999,0.8617783729189127
PC731,3.700241586806197,0.0006653242164206363,0.8624436971353333
PC732,3.6929451926404737,0.0006640122837759367,0.8631077094191092
PC733,3.690086307280085,0.0006634982401337542,0.863771207659243
PC734,3.6841769467838508,0.0006624357039318687,0.8644336433631749
PC735,3.6779874868738642,0.0006613228042824614,0.8650949661674573
PC736,3.6738448980682032,0.0006605779435520414,0.8657555441110093
PC737,3.667455517294849,0.000659429097008723,0.866414973208018
PC738,3.662594720245054,0.0006585550984028304,0.8670735283064208
PC739,3.647193731122191,0.0006557859140725943,0.8677293142204934
PC740,3.6418916087426476,0.0006548325626941021,0.8683841467831874
PC741,3.6307749322733622,0.0006528337218380074,0.8690369805050254
PC742,3.6245072135132945,0.0006517067508078843,0.8696886872558333
PC743,3.619396715879245,0.0006507878546347216,0.8703394751104679
PC744,3.613482216514443,0.0006497243944354098,0.8709891995049034
PC745,3.611361293906352,0.0006493430406402012,0.8716385425455436
PC746,3.60039383220921,0.0006473710294380698,0.8722859135749816
PC747,3.595968844120851,0.0006465753917307764,0.8729324889667124
PC748,3.5935478327065784,0.0006461400802830348,0.8735786290469955
PC749,3.585761145028348,0.0006447399901114894,0.874223369037107
PC750,3.582873548799358,0.0006442207840939033,0.8748675898212008
PC751,3.578036611983232,0.0006433510756920142,0.8755109408968929
PC752,3.5699650832289156,0.0006418997694954321,0.8761528406663883
PC753,3.5614936813281446,0.0006403765638615861,0.8767932172302499
PC754,3.5505731357618133,0.0006384129884432371,0.8774316302186932
PC755,3.5454827620761358,0.000637497710669,0.8780691279293622
PC756,3.5432878910234122,0.000637103060528181,0.8787062309898904
PC757,3.535450820892612,0.0006356939113087353,0.8793419249011991
PC758,3.530988822025847,0.0006348916188556465,0.8799768165200548
PC759,3.5266603412634505,0.0006341133337075086,0.8806109298537623
PC760,3.515369740406256,0.0006320832202697763,0.8812430130740321
PC761,3.5096818784752313,0.0006310605107537649,0.8818740735847859
PC762,3.5028534422179987,0.000629832719568881,0.8825039063043547
PC763,3.4979178463907106,0.0006289452717227543,0.8831328515760775
PC764,3.491078378927485,0.0006277154970650859,0.8837605670731425
PC765,3.4870985514167296,0.0006269999017294937,0.8843875669748721
PC766,3.479549721184753,0.0006256425796624994,0.8850132095545346
PC767,3.471840534138376,0.0006242564245397745,0.8856374659790743
PC768,3.463620259080887,0.000622778372922581,0.8862602443519969
PC769,3.4616303296808493,0.0006224205724417872,0.8868826649244387
PC770,3.4581765264621196,0.0006217995592278484,0.8875044644836665
PC771,3.4468409691331807,0.0006197613623640384,0.8881242258460306
PC772,3.444356109846848,0.0006193145707103558,0.888743540416741
PC773,3.438901578957553,0.0006183338154259434,0.889361874232167
PC774,3.4288076356324817,0.0006165188677324486,0.8899783930998993
PC775,3.4241589530814545,0.0006156830085045867,0.8905940761084039
PC776,3.418924839598963,0.0006147418855076957,0.8912088179939116
PC777,3.4148195169203768,0.0006140037254361957,0.8918228217193478
PC778,3.4072450222297004,0.0006126417887554056,0.8924354635081032
PC779,3.40078816866358,0.0006114808102250471,0.8930469443183282
PC780,3.3935563032848672,0.0006101804802186205,0.8936571247985469
PC781,3.3910200988297152,0.0006097244564152495,0.8942668492549621
PC782,3.382499267801943,0.000608192363146794,0.8948750416181089
PC783,3.3772855956117227,0.0006072549156090438,0.895482296533718
PC784,3.3662844698640124,0.000605276851421576,0.8960875733851396
PC785,3.362256471402162,0.0006045525946784678,0.8966921259798181
PC786,3.3602514892555706,0.0006041920876293132,0.8972963180674474
PC787,3.352706534792415,0.0006028354624473178,0.8978991535298947
PC788,3.344385846254786,0.0006013393559225121,0.8985004928858172
PC789,3.3413846110030128,0.0006007997169704771,0.8991012926027877
PC790,3.3355254985443947,0.0005997462156479283,0.8997010388184357
PC791,3.331633703863755,0.0005990464491095489,0.9003000852675452
PC792,3.3238878082436543,0.0005976536935791276,0.9008977389611244
PC793,3.320219212002105,0.000596994059373492,0.9014947330204979
PC794,3.3114138384906213,0.0005954108037685855,0.9020901438242664
PC795,3.3075436962941263,0.0005947149304684473,0.9026848587547349
PC796,3.299119136783491,0.0005932001473593962,0.9032780589020943
PC797,3.2927379381232127,0.0005920527720059565,0.9038701116741003
PC798,3.2897248244538577,0.0005915109972477358,0.904461622671348
PC799,3.2786302703245265,0.0005895161341125954,0.9050511388054606
PC800,3.274999594511708,0.000588863318212992,0.9056400021236736
PC801,3.267028187044944,0.000587430014386154,0.9062274321380597
PC802,3.256450958883886,0.0005855281693652098,0.9068129603074249
PC803,3.2519442475315445,0.0005847178373561263,0.907397678144781
PC804,3.2436003175417354,0.0005832175518877036,0.9079808956966687
PC805,3.2354487451539415,0.0005817518533963287,0.9085626475500651
PC806,3.2294884356063918,0.0005806801562689065,0.909143327706334
PC807,3.224222931235522,0.0005797333890140063,0.909723061095348
PC808,3.213444185348116,0.0005777953099742198,0.9103008564053222
PC809,3.2111648585134493,0.0005773854742095366,0.9108782418795317
PC810,3.20555637056653,0.0005763770365816007,0.9114546189161133
PC811,3.197175705488568,0.0005748701459380382,0.9120294890620514
PC812,3.1912360339381887,0.0005738021596384023,0.9126032912216898
PC813,3.1820511012435375,0.0005721506571609061,0.9131754418788507
PC814,3.1806721904964284,0.0005719027212651511,0.9137473446001159
PC815,3.175090392616228,0.0005708990826610923,0.9143182436827769
PC816,3.1631425649481457,0.0005687507961520331,0.914886994478929
PC817,3.1608008603257143,0.0005683297445108205,0.9154553242234398
PC818,3.1567968924886984,0.000567609808609004,0.9160229340320488
PC819,3.1507535939133664,0.0005665231895883527,0.9165894572216372
PC820,3.147249931384792,0.0005658932113905134,0.9171553504330278
PC821,3.1409416632572404,0.0005647589493564075,0.9177201093823841
PC822,3.1360340946364023,0.0005638765409593903,0.9182839859233435
PC823,3.1344530048921007,0.0005635922521445818,0.918847578175488
PC824,3.127197170126384,0.0005622876123077692,0.9194098657877958
PC825,3.1193813165728996,0.000560882277948069,0.9199707480657439
PC826,3.116606089509364,0.000560383276537453,0.9205311313422813
PC827,3.1097772291520624,0.0005591554090969951,0.9210902867513783
PC828,3.1017935733703346,0.0005577199029543449,0.9216480066543327
PC829,3.0979408375615507,0.0005570271594204647,0.9222050338137532
PC830,3.088595644103576,0.0005553468411577609,0.922760380654911
PC831,3.081834054591065,0.0005541310693929632,0.9233145117243039
PC832,3.079571421697379,0.0005537242352926149,0.9238682359595966
PC833,3.0724412383610784,0.0005524421882884208,0.924420678147885
PC834,3.0645961557717083,0.0005510315983839294,0.9249717097462689
PC835,3.0571805872874287,0.000549698237527517,0.9255214079837963
PC836,3.054223759293765,0.000549166583249864,0.9260705745670462
PC837,3.046983245822485,0.0005478646982678295,0.9266184392653141
PC838,3.0427950831403923,0.0005471116430985019,0.9271655509084126
PC839,3.032709142641139,0.00054529813435803,0.9277108490427706
PC840,3.0281270617712948,0.0005444742504864537,0.928255323293257
PC841,3.019249893237207,0.0005428780857333103,0.9287982013789903
PC842,3.011339300932722,0.0005414557168141643,0.9293396570958045
PC843,2.999721592665821,0.0005393667876272592,0.9298790238834317
PC844,2.997043000551099,0.000538885161723104,0.9304179090451548
PC845,2.990358893471345,0.0005376833217348271,0.9309555923668896
PC846,2.9838685834187175,0.0005365163275403161,0.93149210869443
PC847,2.979303754713366,0.000535695545704797,0.9320278042401348
PC848,2.9712992008551837,0.0005342562819706448,0.9325620605221054
PC849,2.9643827700490077,0.0005330126688717179,0.9330950731909772
PC850,2.9636199475133607,0.0005328755090960949,0.9336279487000733
PC851,2.9562534702928636,0.0005315509751245878,0.9341594996751978
PC852,2.953711739544008,0.0005310939576625755,0.9346905936328604
PC853,2.9436722491780425,0.0005292888009169145,0.9352198824337774
PC854,2.9409428305632557,0.000528798036122626,0.9357486804699
PC855,2.932318639420036,0.0005272473581249829,0.936275927828025
PC856,2.92972580788529,0.0005267811524547054,0.9368027089804798
PC857,2.919211907740379,0.0005248906941666898,0.9373275996746465
PC858,2.9153362628400528,0.0005241938314495018,0.937851793506096
PC859,2.907313187877738,0.0005227512375168192,0.9383745447436128
PC860,2.9054667507531606,0.0005224192377529498,0.9388969639813658
PC861,2.894479186825555,0.0005204436120568947,0.9394174075934227
PC862,2.890550124975565,0.0005197371446721883,0.939937144738095
PC863,2.879841330411956,0.0005178116432732399,0.9404549563813682
PC864,2.8746247768478677,0.0005168736776482875,0.9409718300590165
PC865,2.8713602857214306,0.0005162867038116458,0.9414881167628282
PC866,2.8680592700021887,0.0005156931626481099,0.9420038099254763
PC867,2.857024332845089,0.0005137090189793622,0.9425175189444557
PC868,2.8483664696922304,0.0005121522865652972,0.943029671231021
PC869,2.84798560947486,0.0005120838057594515,0.9435417550367804
PC870,2.8456137171550413,0.0005116573262007265,0.9440534123629811
PC871,2.8349346287552755,0.0005097371661368552,0.944563149529118
PC872,2.8308282114524665,0.0005089988092457729,0.9450721483383638
PC873,2.8248908692111754,0.0005079312417689915,0.9455800795801328
PC874,2.8211647834942957,0.0005072612706328532,0.9460873408507656
PC875,2.817468715625656,0.0005065966968743968,0.94659393754764
PC876,2.807857387562337,0.0005048685261151442,0.9470988060737552
PC877,2.801385590059755,0.0005037048605810904,0.9476025109343362
PC878,2.792135739943205,0.0005020416855865859,0.9481045526199228
PC879,2.7883745709985552,0.0005013654062890808,0.9486059180262119
PC880,2.77946295163721,0.0004997630470837339,0.9491056810732956
PC881,2.7768404978043,0.0004992915151578993,0.9496049725884536
PC882,2.77176486917592,0.0004983788886277667,0.9501033514770814
PC883,2.7571994495817926,0.0004957599443910298,0.9505991114214724
PC884,2.7543239464392872,0.0004952429127783037,0.9510943543342506
PC885,2.7520155915334246,0.0004948278576034092,0.9515891821918541
PC886,2.748068274028539,0.0004941181077494359,0.9520833002996035
PC887,2.734952213002437,0.0004917597663222621,0.9525750600659257
PC888,2.7289995186167815,0.0004906894384437123,0.9530657495043694
PC889,2.7266423565789157,0.0004902656074724018,0.9535560151118418
PC890,2.7205437536906385,0.0004891690444257155,0.9540451841562676
PC891,2.709655620052809,0.0004872112968541239,0.9545323954531217
PC892,2.704762260132642,0.00048633144326127805,0.955018726896383
PC893,2.7007464244345702,0.00048560937345139846,0.9555043362698344
PC894,2.6941151824925087,0.0004844170389117486,0.9559887533087462
PC895,2.6896745673364144,0.0004836185913699209,0.9564723719001161
PC896,2.681556800416726,0.0004821589712915495,0.9569545308714077
PC897,2.6762258932622043,0.0004812004442488721,0.9574357313156565
PC898,2.670762069077583,0.0004802180179777727,0.9579159493336343
PC899,2.6605832122330635,0.0004783878023566399,0.958394337135991
PC900,2.6537900236445506,0.0004771663489005289,0.9588715034848915
PC901,2.648168505079072,0.00047615556829420116,0.9593476590531856
PC902,2.6431256412674484,0.0004752488330621159,0.9598229078862478
PC903,2.6330623421885067,0.0004734393953761613,0.9602963472816239
PC904,2.6282850064989702,0.00047258040359152956,0.9607689276852155
PC905,2.623965873442498,0.00047180379921341,0.9612407314844289
PC906,2.6186097176617196,0.0004708407323259452,0.9617115722167549
PC907,2.611238211907218,0.00046951529419578594,0.9621810875109507
PC908,2.605826085234771,0.00046854216342768844,0.9626496296743784
PC909,2.5970180613796163,0.00046695843127610663,0.9631165881056545
PC910,2.5928619399932393,0.0004662111373116801,0.9635827992429662
PC911,2.585953206535975,0.0004649689082393127,0.9640477681512055
PC912,2.5812576363698265,0.00046412461835494944,0.9645118927695605
PC913,2.5728641797621834,0.0004626154277225181,0.964974508197283
PC914,2.5622393464296507,0.0004607050230244106,0.9654352132203075
PC915,2.5569620088111638,0.0004597561280851379,0.9658949693483926
PC916,2.5532807586051014,0.00045909421862562314,0.9663540635670183
PC917,2.54192602452995,0.0004570525736751551,0.9668111161406934
PC918,2.5418144185287477,0.00045703250628940315,0.9672681486469827
PC919,2.537051875273849,0.00045617617426758786,0.9677243248212504
PC920,2.5310685490699245,0.000455100338616097,0.9681794251598664
PC921,2.524201234813042,0.0004538655569485524,0.968633290716815
PC922,2.518398460162639,0.0004528221854802918,0.9690861129022953
PC923,2.509999991645606,0.00045131209367840725,0.9695374249959737
PC924,2.505122686909268,0.00045043512689777344,0.9699878601228715
PC925,2.5030467936014267,0.00045006186962361674,0.9704379219924951
PC926,2.49454382838368,0.0004485329887281312,0.9708864549812233
PC927,2.4906668379466574,0.00044783588407588905,0.9713342908652992
PC928,2.48524243168564,0.00044686054536880924,0.971781151410668
PC929,2.4831213474648766,0.00044647916251473464,0.9722276305731827
PC930,2.468934427070072,0.0004439282745595397,0.9726715588477423
PC931,2.468399475771482,0.0004438320873119755,0.9731153909350543
PC932,2.4643639653870086,0.00044310647988299556,0.9735584974149373
PC933,2.4598662861158904,0.00044229777189283673,0.9740007951868301
PC934,2.4539661568629736,0.00044123689552033867,0.9744420320823505
PC935,2.445912773641274,0.00043978885199241947,0.974881820934343
PC936,2.4250365941109284,0.00043603519768038517,0.9753178561320234
PC937,2.421624543938065,0.0004354216918985619,0.975753277823922
PC938,2.4132380177980663,0.0004339137474031319,0.976187191571325
PC939,2.4068935217942076,0.0004327729713934242,0.9766199645427185
PC940,2.39410227542371,0.0004304730334653604,0.9770504375761838
PC941,2.3922089397474,0.0004301326010785255,0.9774805701772623
PC942,2.385910121950494,0.00042900003826693895,0.9779095702155293
PC943,2.3791152081301017,0.0004277782746044478,0.9783373484901338
PC944,2.3687758698830317,0.0004259192035259355,0.9787632676936597
PC945,2.3605269492077072,0.00042443600126579247,0.9791877036949255
PC946,2.356742235213676,0.00042375548843618874,0.9796114591833617
PC947,2.34748773922221,0.00042209147808728486,0.9800335506614489
PC948,2.3404486895015713,0.00042082581741895744,0.9804543764788679
PC949,2.3320804243754862,0.00041932115635637577,0.9808736976352243
PC950,2.322412366219131,0.0004175827852078211,0.9812912804204321
PC951,2.3123941637047474,0.0004157814561374188,0.9817070618765695
PC952,2.310770200539027,0.0004154894584406788,0.9821225513350103
PC953,2.301583599918088,0.00041383765606066956,0.9825363889910709
PC954,2.297377396377234,0.00041308135704362626,0.9829494703481145
PC955,2.2886784156568787,0.00041151723146002505,0.9833609875795746
PC956,2.284280505869166,0.00041072646258324903,0.9837717140421578
PC957,2.276898029019436,0.0004093990517885583,0.9841811130939464
PC958,2.269501629053362,0.0004080691375393621,0.9845891822314857
PC959,2.2641151777673745,0.000407100623349933,0.9849962828548356
PC960,2.2593751271223654,0.0004062483356256856,0.9854025311904613
PC961,2.2488263725251465,0.00040435161031141605,0.9858068828007727
PC962,2.2435676008209082,0.0004034060536277841,0.9862102888544004
PC963,2.2340931738255656,0.00040170249844933653,0.9866119913528497
PC964,2.2278404646367296,0.00040057822622440885,0.9870125695790741
PC965,2.221580254499669,0.000399452605286868,0.987412022184361
PC966,2.2064561235938416,0.0003967332016187827,0.9878087553859798
PC967,2.1974818612889613,0.00039511957886040995,0.9882038749648402
PC968,2.1965548896430582,0.0003949529041529655,0.9885988278689931
PC969,2.183176893745785,0.00039254746536503105,0.9889913753343581
PC970,2.1747585223439487,0.00039103379491269203,0.9893824091292708
PC971,2.164943453810913,0.00038926899047285723,0.9897716781197436
PC972,2.158472346024942,0.00038810544895372345,0.9901597835686974
PC973,2.1485320080223524,0.00038631812035979843,0.9905461016890572
PC974,2.136928451710536,0.00038423173577388937,0.9909303334248311
PC975,2.1354970630673793,0.00038397436405772974,0.9913143077888887
PC976,2.1295779272234254,0.00038291007019342966,0.9916972178590822
PC977,2.116058499708084,0.00038047920120634176,0.9920776970602885
PC978,2.1134331481570117,0.00038000714825450906,0.992457704208543
PC979,2.103978615801806,0.00037830717024407864,0.9928360113787871
PC980,2.0908912634545054,0.00037595399079857,0.9932119653695857
PC981,2.0810040240685965,0.0003741762096341053,0.9935861415792198
PC982,2.0672897485456354,0.000371710305881057,0.9939578518851008
PC983,2.0616166887498206,0.00037069025787207934,0.9943285421429728
PC984,2.0571726631013156,0.00036989119710456424,0.9946984333400773
PC985,2.048661087660693,0.00036836076804265387,0.99506679410812
PC986,2.0367241439645505,0.0003662144385328696,0.995433008546653
PC987,2.0340163071609796,0.00036572755426943264,0.9957987361009224
PC988,2.0175195264645667,0.00036276134046073444,0.9961614974413832
PC989,2.0041324787270463,0.00036035427410109193,0.9965218517154842
PC990,1.993271213217951,0.00035840135756992766,0.9968802530730542
PC991,1.9880703143168241,0.0003574662067412863,0.9972377192797954
PC992,1.9695107504257423,0.00035412909293040107,0.9975918483727259
PC993,1.9463831394822435,0.00034997061860712154,0.9979418189913329
PC994,1.942743499852366,0.0003493161909628736,0.9982911351822958
PC995,1.9324213237778236,0.00034746020573935785,0.9986385953880352
PC996,1.911303461843243,0.000343663095573848,0.9989822584836091
PC997,1.9016038381613622,0.0003419190487665442,0.9993241775323757
PC998,1.8938241640924898,0.00034052021968134703,0.999664697752057
PC999,1.8648040930483682,0.0003353022479422189,0.9999999999999992
PC1000,6.726649339994364e-29,1.2094893255688777e-32,0.9999999999999992
