Sample_ID,Homo_piggpa,Homo_hiblup,Hete_piggpa,Hete_hiblup
1,0.6303095752339812,0.6303097999999999,0.3696904247660187,0.36969
2,0.6357091432685386,0.6357095,0.3642908567314615,0.364291
3,0.6402087832973362,0.6402093,0.3597912167026638,0.359791
4,0.6349892008639308,0.6349894,0.3650107991360691,0.365011
5,0.6443484521238301,0.6443481,0.3556515478761699,0.355652
6,0.6394888408927286,0.6394884000000001,0.3605111591072714,0.360511
7,0.6371490280777538,0.6371489,0.3628509719222462,0.362851
8,0.6243700503959683,0.6243699,0.3756299496040317,0.37563
9,0.6083513318934485,0.6083516,0.3916486681065514,0.391649
10,0.6290496760259179,0.6290493,0.370950323974082,0.37095
11,0.6378689704823615,0.6378692,0.3621310295176386,0.362131
12,0.6290496760259179,0.6290494,0.370950323974082,0.37095
13,0.6362491000719942,0.6362495,0.3637508999280057,0.363751
14,0.6321094312455003,0.632109,0.3678905687544996,0.367891
15,0.6369690424766019,0.6369686,0.3630309575233981,0.363031
16,0.6375089992800576,0.6375093,0.3624910007199424,0.362491
17,0.6402087832973362,0.6402085000000001,0.3597912167026638,0.359791
18,0.6252699784017278,0.6252701,0.3747300215982721,0.37473
19,0.6272498200143989,0.6272495,0.3727501799856011,0.37275
20,0.6490280777537797,0.649028,0.3509719222462203,0.350972
21,0.6301295896328294,0.6301298,0.3698704103671706,0.36987
22,0.6276097912167027,0.62761,0.3723902087832973,0.37239
23,0.6362491000719942,0.6362494999999999,0.3637508999280057,0.363751
24,0.6342692584593232,0.6342694,0.3657307415406767,0.365731
25,0.6378689704823615,0.6378693,0.3621310295176386,0.362131
26,0.640748740100792,0.6407487000000001,0.3592512598992081,0.359251
27,0.6423686105111591,0.6423682000000001,0.3576313894888409,0.357631
28,0.6299496040316774,0.6299496,0.3700503959683225,0.37005
29,0.6310295176385889,0.6310293,0.3689704823614111,0.36897
30,0.6340892728581713,0.634089,0.3659107271418286,0.365911
31,0.6412886969042476,0.641289,0.3587113030957523,0.358711
32,0.6349892008639308,0.634989,0.3650107991360691,0.365011
33,0.6441684665226782,0.6441682999999999,0.3558315334773218,0.355832
34,0.6441684665226782,0.6441688,0.3558315334773218,0.355832
35,0.6259899208063355,0.6259895999999999,0.3740100791936645,0.37401
36,0.6353491720662346,0.6353496,0.3646508279337653,0.364651
37,0.6380489560835133,0.6380486000000001,0.3619510439164867,0.361951
38,0.6240100791936645,0.6240102000000001,0.3759899208063355,0.37599
39,0.6333693304535637,0.6333694999999999,0.3666306695464363,0.366631
40,0.6254499640028798,0.6254498,0.3745500359971202,0.37455
41,0.6421886249100072,0.6421889999999999,0.3578113750899928,0.357811
42,0.6324694024478041,0.6324697,0.3675305975521958,0.367531
43,0.6391288696904248,0.639129,0.3608711303095752,0.360871
44,0.6391288696904248,0.6391287,0.3608711303095752,0.360871
45,0.6270698344132469,0.6270695,0.372930165586753,0.37293
46,0.6403887688984882,0.6403892,0.3596112311015119,0.359611
47,0.6362491000719942,0.6362487000000001,0.3637508999280057,0.363751
48,0.6339092872570194,0.6339097,0.3660907127429805,0.366091
49,0.6432685385169187,0.643269,0.3567314614830814,0.356731
50,0.6312095032397408,0.6312097999999999,0.3687904967602591,0.368791
51,0.6146508279337654,0.6146507,0.3853491720662347,0.385349
52,0.6355291576673866,0.6355295,0.3644708423326134,0.364471
53,0.642548596112311,0.6425482,0.357451403887689,0.357451
54,0.6436285097192225,0.6436288,0.3563714902807775,0.356372
55,0.6328293736501079,0.6328298,0.367170626349892,0.367171
56,0.6373290136789057,0.6373287000000001,0.3626709863210943,0.362671
57,0.6339092872570194,0.6339096000000001,0.3660907127429805,0.366091
58,0.6317494600431965,0.6317496,0.3682505399568034,0.36825
59,0.6398488120950324,0.6398483,0.3601511879049676,0.360151
60,0.6234701223902088,0.6234703,0.3765298776097912,0.37653
61,0.6360691144708424,0.6360686,0.3639308855291576,0.363931
62,0.6306695464362851,0.6306693999999999,0.3693304535637149,0.36933
63,0.6360691144708424,0.6360694,0.3639308855291576,0.363931
64,0.64056875449964,0.6405692,0.35943124550036,0.359431
65,0.6340892728581713,0.6340892,0.3659107271418286,0.365911
66,0.6297696184305256,0.6297699999999999,0.3702303815694744,0.37023
67,0.6315694744420446,0.6315691,0.3684305255579553,0.36843
68,0.6276097912167027,0.6276101000000001,0.3723902087832973,0.37239
69,0.64056875449964,0.6405685999999999,0.35943124550036,0.359431
70,0.6400287976961843,0.6400287,0.3599712023038157,0.359971
71,0.6267098632109431,0.6267098999999999,0.3732901367890568,0.37329
72,0.6328293736501079,0.6328294,0.367170626349892,0.367171
73,0.6317494600431965,0.6317491,0.3682505399568034,0.368251
74,0.6295896328293736,0.6295894,0.3704103671706263,0.37041
75,0.630849532037437,0.6308496,0.369150467962563,0.36915
76,0.6342692584593232,0.6342689,0.3657307415406767,0.365731
77,0.6295896328293736,0.6295895,0.3704103671706263,0.37041
78,0.6454283657307416,0.6454285,0.3545716342692585,0.354572
79,0.6355291576673866,0.6355294,0.3644708423326134,0.364471
80,0.6295896328293736,0.6295892999999999,0.3704103671706263,0.37041
81,0.6322894168466523,0.6322899000000001,0.3677105831533477,0.367711
82,0.6364290856731462,0.6364286,0.3635709143268538,0.363571
83,0.6380489560835133,0.6380488,0.3619510439164867,0.361951
84,0.6427285817134629,0.642729,0.3572714182865371,0.357271
85,0.6434485241180705,0.6434485999999999,0.3565514758819294,0.356551
86,0.6317494600431965,0.6317497000000001,0.3682505399568034,0.368251
87,0.6205903527717782,0.6205906,0.3794096472282217,0.37941
88,0.6306695464362851,0.6306698000000001,0.3693304535637149,0.36933
89,0.6241900647948164,0.6241898,0.3758099352051836,0.37581
90,0.6310295176385889,0.6310294000000001,0.3689704823614111,0.368971
91,0.6414686825053996,0.6414685,0.3585313174946004,0.358531
92,0.6416486681065515,0.6416489,0.3583513318934485,0.358351
93,0.634809215262779,0.6348097,0.365190784737221,0.365191
94,0.6186105111591073,0.6186108,0.3813894888408927,0.381389
95,0.6375089992800576,0.6375092,0.3624910007199424,0.362491
96,0.6310295176385889,0.6310296,0.3689704823614111,0.36897
97,0.6263498920086393,0.6263496,0.3736501079913606,0.37365
98,0.6322894168466523,0.6322896,0.3677105831533477,0.367711
99,0.6466882649388049,0.6466885,0.3533117350611951,0.353312
100,0.6313894888408927,0.6313894,0.3686105111591072,0.368611
101,0.6400287976961843,0.6400285,0.3599712023038157,0.359971
102,0.6353491720662346,0.6353489,0.3646508279337653,0.364651
103,0.6328293736501079,0.6328290999999999,0.367170626349892,0.367171
104,0.6360691144708424,0.6360693,0.3639308855291576,0.363931
105,0.6294096472282218,0.6294093,0.3705903527717782,0.37059
106,0.6276097912167027,0.6276096,0.3723902087832973,0.37239
107,0.6292296616270698,0.6292296,0.3707703383729301,0.37077
108,0.6459683225341972,0.6459685,0.3540316774658027,0.354032
109,0.6198704103671706,0.6198699999999999,0.3801295896328294,0.38013
110,0.6430885529157667,0.6430888,0.3569114470842333,0.356911
111,0.6324694024478041,0.6324694000000001,0.3675305975521958,0.367531
112,0.6342692584593232,0.6342690999999999,0.3657307415406767,0.365731
113,0.6268898488120951,0.6268901,0.3731101511879049,0.37311
114,0.6394888408927286,0.6394884,0.3605111591072714,0.360511
115,0.6274298056155507,0.6274297,0.3725701943844492,0.37257
116,0.6429085673146149,0.6429081999999999,0.3570914326853852,0.357091
117,0.6466882649388049,0.6466884,0.3533117350611951,0.353312
118,0.6373290136789057,0.6373285,0.3626709863210943,0.362671
119,0.6531677465802735,0.6531675,0.3468322534197264,0.346832
120,0.634629229661627,0.6346288,0.3653707703383729,0.365371
121,0.6423686105111591,0.6423684,0.3576313894888409,0.357631
122,0.6452483801295896,0.6452487,0.3547516198704104,0.354752
123,0.6283297336213103,0.6283293,0.3716702663786897,0.37167
124,0.6279697624190065,0.6279697,0.3720302375809935,0.37203
125,0.6387688984881209,0.6387693,0.361231101511879,0.361231
126,0.6414686825053996,0.641469,0.3585313174946004,0.358531
127,0.6322894168466523,0.6322896,0.3677105831533477,0.367711
128,0.6393088552915767,0.6393085999999999,0.3606911447084233,0.360691
129,0.6256299496040317,0.6256303000000001,0.3743700503959683,0.37437
130,0.6277897768178545,0.6277899,0.3722102231821454,0.37221
131,0.6277897768178545,0.6277899,0.3722102231821454,0.37221
132,0.6238300935925126,0.6238298,0.3761699064074874,0.37617
133,0.6337293016558675,0.6337297,0.3662706983441324,0.366271
134,0.6398488120950324,0.6398493,0.3601511879049676,0.360151
135,0.6402087832973362,0.640209,0.3597912167026638,0.359791
136,0.63678905687545,0.6367889,0.36321094312455,0.363211
137,0.6286897048236141,0.6286896,0.3713102951763858,0.37131
138,0.6243700503959683,0.6243698,0.3756299496040317,0.37563
139,0.6301295896328294,0.6301294999999999,0.3698704103671706,0.36987
140,0.6423686105111591,0.6423691,0.3576313894888409,0.357631
141,0.6315694744420446,0.6315696000000001,0.3684305255579553,0.368431
142,0.6380489560835133,0.6380491,0.3619510439164867,0.361951
143,0.6166306695464363,0.616631,0.3833693304535637,0.383369
144,0.630849532037437,0.6308499,0.369150467962563,0.36915
145,0.6382289416846653,0.6382294000000001,0.3617710583153348,0.361771
146,0.6396688264938805,0.6396685000000001,0.3603311735061195,0.360331
147,0.6353491720662346,0.6353494000000001,0.3646508279337653,0.364651
148,0.6304895608351332,0.6304897,0.3695104391648668,0.36951
149,0.6321094312455003,0.6321094,0.3678905687544996,0.367891
150,0.6423686105111591,0.6423688,0.3576313894888409,0.357631
151,0.6331893448524119,0.6331892,0.3668106551475882,0.366811
152,0.6456083513318934,0.645608,0.3543916486681066,0.354392
153,0.6304895608351332,0.6304896,0.3695104391648668,0.36951
154,0.6337293016558675,0.6337298,0.3662706983441324,0.366271
155,0.6400287976961843,0.6400284999999999,0.3599712023038157,0.359971
156,0.6357091432685386,0.6357091,0.3642908567314615,0.364291
157,0.6400287976961843,0.6400284,0.3599712023038157,0.359971
158,0.6398488120950324,0.6398486,0.3601511879049676,0.360151
159,0.6394888408927286,0.6394885,0.3605111591072714,0.360511
160,0.6331893448524119,0.6331895,0.3668106551475882,0.366811
161,0.6355291576673866,0.6355295999999999,0.3644708423326134,0.364471
162,0.64056875449964,0.6405688,0.35943124550036,0.359431
163,0.6411087113030958,0.6411087999999999,0.3588912886969042,0.358891
164,0.6389488840892729,0.6389488999999999,0.3610511159107271,0.361051
165,0.6360691144708424,0.6360695,0.3639308855291576,0.363931
166,0.6258099352051836,0.6258098,0.3741900647948164,0.37419
167,0.6349892008639308,0.6349895999999999,0.3650107991360691,0.365011
168,0.6324694024478041,0.6324696999999999,0.3675305975521958,0.367531
169,0.6402087832973362,0.6402087000000001,0.3597912167026638,0.359791
170,0.642548596112311,0.6425491000000001,0.357451403887689,0.357451
171,0.6322894168466523,0.6322897,0.3677105831533477,0.367711
172,0.6330093592512599,0.6330095,0.3669906407487401,0.366991
173,0.634629229661627,0.6346294,0.3653707703383729,0.365371
174,0.6331893448524119,0.6331895000000001,0.3668106551475882,0.366811
175,0.6358891288696904,0.6358893,0.3641108711303096,0.364111
176,0.6472282217422606,0.6472285,0.3527717782577393,0.352772
177,0.6261699064074874,0.6261696,0.3738300935925126,0.37383
178,0.6393088552915767,0.6393087000000001,0.3606911447084233,0.360691
179,0.6299496040316774,0.6299494,0.3700503959683225,0.37005
180,0.6328293736501079,0.6328289,0.367170626349892,0.367171
181,0.6414686825053996,0.6414686,0.3585313174946004,0.358531
182,0.6349892008639308,0.6349887999999999,0.3650107991360691,0.365011
183,0.6263498920086393,0.6263503,0.3736501079913606,0.37365
184,0.640748740100792,0.6407483,0.3592512598992081,0.359251
185,0.6353491720662346,0.6353494000000001,0.3646508279337653,0.364651
186,0.6277897768178545,0.6277895,0.3722102231821454,0.37221
187,0.6326493880489561,0.6326495,0.3673506119510439,0.367351
188,0.6384089272858171,0.6384084999999999,0.3615910727141829,0.361591
189,0.6326493880489561,0.6326495999999999,0.3673506119510439,0.367351
190,0.6456083513318934,0.6456086,0.3543916486681066,0.354392
191,0.6382289416846653,0.6382294,0.3617710583153348,0.361771
192,0.6268898488120951,0.6268895999999999,0.3731101511879049,0.37311
193,0.6470482361411087,0.647048,0.3529517638588912,0.352952
194,0.6355291576673866,0.6355294,0.3644708423326134,0.364471
195,0.6261699064074874,0.6261694999999999,0.3738300935925126,0.37383
196,0.6241900647948164,0.62419,0.3758099352051836,0.37581
197,0.6371490280777538,0.6371487,0.3628509719222462,0.362851
198,0.628869690424766,0.6288699999999999,0.3711303095752339,0.37113
199,0.6312095032397408,0.6312095999999999,0.3687904967602591,0.368791
200,0.6409287257019438,0.6409289,0.3590712742980561,0.359071
201,0.6364290856731462,0.6364286,0.3635709143268538,0.363571
202,0.6439884809215263,0.6439889,0.3560115190784737,0.356012
203,0.6398488120950324,0.6398486,0.3601511879049676,0.360151
204,0.6315694744420446,0.6315696000000001,0.3684305255579553,0.36843
205,0.6294096472282218,0.6294095,0.3705903527717782,0.37059
206,0.6373290136789057,0.6373286,0.3626709863210943,0.362671
207,0.6254499640028798,0.6254495,0.3745500359971202,0.37455
208,0.6409287257019438,0.6409289,0.3590712742980561,0.359071
209,0.6420086393088553,0.6420083,0.3579913606911447,0.357991
210,0.6411087113030958,0.6411088,0.3588912886969042,0.358891
211,0.6358891288696904,0.6358891999999999,0.3641108711303096,0.364111
212,0.6357091432685386,0.6357092,0.3642908567314615,0.364291
213,0.6400287976961843,0.6400284,0.3599712023038157,0.359971
214,0.6411087113030958,0.6411085000000001,0.3588912886969042,0.358891
215,0.6353491720662346,0.6353488,0.3646508279337653,0.364651
216,0.6330093592512599,0.6330093999999999,0.3669906407487401,0.366991
217,0.6378689704823615,0.6378687999999999,0.3621310295176386,0.362131
218,0.6322894168466523,0.632289,0.3677105831533477,0.367711
219,0.634629229661627,0.6346291,0.3653707703383729,0.365371
220,0.6265298776097912,0.6265303,0.3734701223902087,0.37347
221,0.6326493880489561,0.6326495999999999,0.3673506119510439,0.367351
222,0.6349892008639308,0.6349889999999999,0.3650107991360691,0.365011
223,0.6319294456443485,0.6319295,0.3680705543556515,0.368071
224,0.6281497480201584,0.6281494000000001,0.3718502519798416,0.37185
225,0.6351691864650828,0.6351690999999999,0.3648308135349172,0.364831
226,0.6292296616270698,0.6292292,0.3707703383729301,0.37077
227,0.6304895608351332,0.6304898,0.3695104391648668,0.36951
228,0.640748740100792,0.640749,0.3592512598992081,0.359251
229,0.6299496040316774,0.6299498,0.3700503959683225,0.37005
230,0.6306695464362851,0.6306691999999999,0.3693304535637149,0.36933
231,0.6355291576673866,0.6355291000000001,0.3644708423326134,0.364471
232,0.6344492440604752,0.6344497,0.3655507559395248,0.365551
233,0.6330093592512599,0.6330089,0.3669906407487401,0.366991
234,0.6362491000719942,0.6362494,0.3637508999280057,0.363751
235,0.6342692584593232,0.6342697,0.3657307415406767,0.365731
236,0.6301295896328294,0.6301297,0.3698704103671706,0.36987
237,0.6364290856731462,0.6364295,0.3635709143268538,0.363571
238,0.6358891288696904,0.6358895,0.3641108711303096,0.364111
239,0.6234701223902088,0.6234698,0.3765298776097912,0.37653
240,0.6389488840892729,0.6389485,0.3610511159107271,0.361051
241,0.6351691864650828,0.6351690999999999,0.3648308135349172,0.364831
242,0.6394888408927286,0.6394885,0.3605111591072714,0.360511
243,0.6513678905687545,0.6513675,0.3486321094312455,0.348632
244,0.6315694744420446,0.6315698,0.3684305255579553,0.36843
245,0.6436285097192225,0.6436288,0.3563714902807775,0.356371
246,0.6294096472282218,0.62941,0.3705903527717782,0.37059
247,0.6355291576673866,0.6355295999999999,0.3644708423326134,0.364471
248,0.6315694744420446,0.6315697,0.3684305255579553,0.368431
249,0.6457883369330454,0.6457888,0.3542116630669546,0.354212
250,0.6306695464362851,0.6306695,0.3693304535637149,0.36933
251,0.6317494600431965,0.6317496,0.3682505399568034,0.368251
252,0.6261699064074874,0.6261702,0.3738300935925126,0.37383
253,0.6369690424766019,0.6369692,0.3630309575233981,0.363031
254,0.6362491000719942,0.6362494,0.3637508999280057,0.363751
255,0.6373290136789057,0.6373291999999999,0.3626709863210943,0.362671
256,0.6414686825053996,0.6414683999999999,0.3585313174946004,0.358531
257,0.6313894888408927,0.6313891,0.3686105111591072,0.368611
258,0.6321094312455003,0.6321094,0.3678905687544996,0.367891
259,0.6328293736501079,0.6328296999999999,0.367170626349892,0.367171
260,0.6339092872570194,0.6339094999999999,0.3660907127429805,0.366091
261,0.6490280777537797,0.6490285,0.3509719222462203,0.350972
262,0.6432685385169187,0.6432683,0.3567314614830814,0.356731
263,0.6362491000719942,0.6362487,0.3637508999280057,0.363751
264,0.6427285817134629,0.6427282000000001,0.3572714182865371,0.357271
265,0.6252699784017278,0.6252704,0.3747300215982721,0.37473
266,0.6274298056155507,0.6274301,0.3725701943844492,0.37257
267,0.634809215262779,0.6348089,0.365190784737221,0.365191
268,0.6486681065514759,0.6486682,0.3513318934485241,0.351332
269,0.6369690424766019,0.6369689999999999,0.3630309575233981,0.363031
270,0.6328293736501079,0.6328296,0.367170626349892,0.367171
271,0.6416486681065515,0.6416487999999999,0.3583513318934485,0.358351
272,0.6292296616270698,0.6292297,0.3707703383729301,0.37077
273,0.6360691144708424,0.6360694,0.3639308855291576,0.363931
274,0.6366090712742981,0.6366093,0.3633909287257019,0.363391
275,0.6256299496040317,0.6256296,0.3743700503959683,0.37437
276,0.6400287976961843,0.6400291,0.3599712023038157,0.359971
277,0.6274298056155507,0.6274296,0.3725701943844492,0.37257
278,0.6380489560835133,0.6380487,0.3619510439164867,0.361951
279,0.63678905687545,0.6367889,0.36321094312455,0.363211
280,0.6328293736501079,0.6328292,0.367170626349892,0.367171
281,0.6439884809215263,0.6439884,0.3560115190784737,0.356012
282,0.6360691144708424,0.6360695,0.3639308855291576,0.363931
283,0.6353491720662346,0.6353496,0.3646508279337653,0.364651
284,0.6331893448524119,0.6331891000000001,0.3668106551475882,0.366811
285,0.6427285817134629,0.6427283,0.3572714182865371,0.357271
286,0.6344492440604752,0.6344487999999999,0.3655507559395248,0.365551
287,0.6285097192224622,0.6285099000000001,0.3714902807775378,0.37149
288,0.6270698344132469,0.6270695,0.372930165586753,0.37293
289,0.6313894888408927,0.6313898,0.3686105111591072,0.368611
290,0.6375089992800576,0.6375095,0.3624910007199424,0.362491
291,0.6373290136789057,0.6373287000000001,0.3626709863210943,0.362671
292,0.6376889848812095,0.6376887,0.3623110151187905,0.362311
293,0.6313894888408927,0.6313899999999999,0.3686105111591072,0.368611
294,0.6303095752339812,0.6303097000000001,0.3696904247660187,0.36969
295,0.6330093592512599,0.6330093999999999,0.3669906407487401,0.366991
296,0.6324694024478041,0.6324697,0.3675305975521958,0.367531
297,0.6340892728581713,0.634089,0.3659107271418286,0.365911
298,0.6403887688984882,0.6403884,0.3596112311015119,0.359611
299,0.6331893448524119,0.6331897000000001,0.3668106551475882,0.366811
300,0.6243700503959683,0.6243704999999999,0.3756299496040317,0.37563
301,0.6339092872570194,0.6339090999999999,0.3660907127429805,0.366091
302,0.6364290856731462,0.6364289,0.3635709143268538,0.363571
303,0.6286897048236141,0.6286898,0.3713102951763858,0.37131
304,0.6319294456443485,0.6319294000000001,0.3680705543556515,0.368071
305,0.6319294456443485,0.6319292,0.3680705543556515,0.368071
306,0.6328293736501079,0.6328296,0.367170626349892,0.367171
307,0.625089992800576,0.62509,0.374910007199424,0.37491
308,0.6258099352051836,0.6258098999999999,0.3741900647948164,0.37419
309,0.6454283657307416,0.6454283,0.3545716342692585,0.354572
310,0.634809215262779,0.6348096999999999,0.365190784737221,0.365191
311,0.6459683225341972,0.6459684,0.3540316774658027,0.354032
312,0.6421886249100072,0.6421884,0.3578113750899928,0.357811
313,0.6205903527717782,0.6205906,0.3794096472282217,0.37941
314,0.6416486681065515,0.6416484,0.3583513318934485,0.358351
315,0.6297696184305256,0.6297693,0.3702303815694744,0.37023
316,0.6380489560835133,0.638049,0.3619510439164867,0.361951
317,0.6357091432685386,0.6357094999999999,0.3642908567314615,0.364291
318,0.6355291576673866,0.6355295999999999,0.3644708423326134,0.364471
319,0.6389488840892729,0.6389488,0.3610511159107271,0.361051
320,0.6330093592512599,0.6330095,0.3669906407487401,0.366991
321,0.6256299496040317,0.6256299,0.3743700503959683,0.37437
322,0.6384089272858171,0.6384092,0.3615910727141829,0.361591
323,0.6414686825053996,0.6414685999999999,0.3585313174946004,0.358531
324,0.6259899208063355,0.6259899999999999,0.3740100791936645,0.37401
325,0.6371490280777538,0.6371488,0.3628509719222462,0.362851
326,0.6371490280777538,0.637149,0.3628509719222462,0.362851
327,0.6263498920086393,0.6263498,0.3736501079913606,0.37365
328,0.6322894168466523,0.6322895000000001,0.3677105831533477,0.367711
329,0.6330093592512599,0.6330096,0.3669906407487401,0.366991
330,0.6349892008639308,0.6349889,0.3650107991360691,0.365011
331,0.6378689704823615,0.6378694,0.3621310295176386,0.362131
332,0.6319294456443485,0.6319297,0.3680705543556515,0.368071
333,0.6231101511879049,0.6231097,0.376889848812095,0.37689
334,0.6382289416846653,0.6382294000000001,0.3617710583153348,0.361771
335,0.6317494600431965,0.6317493,0.3682505399568034,0.36825
336,0.634809215262779,0.6348094,0.365190784737221,0.365191
337,0.6364290856731462,0.6364291,0.3635709143268538,0.363571
338,0.6243700503959683,0.6243699,0.3756299496040317,0.37563
339,0.6362491000719942,0.6362493,0.3637508999280057,0.363751
340,0.642548596112311,0.6425485999999999,0.357451403887689,0.357451
341,0.625089992800576,0.6250896,0.374910007199424,0.37491
342,0.6441684665226782,0.6441685,0.3558315334773218,0.355832
343,0.6351691864650828,0.6351688999999999,0.3648308135349172,0.364831
344,0.6373290136789057,0.6373295,0.3626709863210943,0.362671
345,0.6396688264938805,0.6396684,0.3603311735061195,0.360331
346,0.64056875449964,0.6405685,0.35943124550036,0.359431
347,0.6411087113030958,0.6411083000000001,0.3588912886969042,0.358891
348,0.6414686825053996,0.641469,0.3585313174946004,0.358531
349,0.6304895608351332,0.6304897,0.3695104391648668,0.36951
350,0.6331893448524119,0.6331895000000001,0.3668106551475882,0.366811
351,0.6430885529157667,0.6430887,0.3569114470842333,0.356911
352,0.6351691864650828,0.6351690000000001,0.3648308135349172,0.364831
353,0.6396688264938805,0.639669,0.3603311735061195,0.360331
354,0.6358891288696904,0.6358891,0.3641108711303096,0.364111
355,0.6396688264938805,0.6396685999999999,0.3603311735061195,0.360331
356,0.6324694024478041,0.6324691,0.3675305975521958,0.367531
357,0.6337293016558675,0.6337297,0.3662706983441324,0.366271
358,0.6357091432685386,0.6357090000000001,0.3642908567314615,0.364291
359,0.6351691864650828,0.6351688,0.3648308135349172,0.364831
360,0.6294096472282218,0.6294094,0.3705903527717782,0.37059
361,0.6310295176385889,0.6310292,0.3689704823614111,0.36897
362,0.6306695464362851,0.6306696,0.3693304535637149,0.36933
363,0.6369690424766019,0.6369687,0.3630309575233981,0.363031
364,0.6303095752339812,0.6303093000000001,0.3696904247660187,0.36969
365,0.6409287257019438,0.6409287,0.3590712742980561,0.359071
366,0.6222102231821455,0.6222106000000001,0.3777897768178546,0.37779
367,0.634809215262779,0.6348093,0.365190784737221,0.365191
368,0.6285097192224622,0.6285097000000001,0.3714902807775378,0.37149
369,0.6328293736501079,0.6328297,0.367170626349892,0.367171
370,0.6261699064074874,0.6261703,0.3738300935925126,0.37383
371,0.6312095032397408,0.6312093,0.3687904967602591,0.368791
372,0.6423686105111591,0.6423685,0.3576313894888409,0.357631
373,0.6427285817134629,0.6427284,0.3572714182865371,0.357271
374,0.6461483081353492,0.6461484000000001,0.3538516918646508,0.353852
375,0.6294096472282218,0.6294097999999999,0.3705903527717782,0.37059
376,0.6272498200143989,0.6272495,0.3727501799856011,0.37275
377,0.6351691864650828,0.6351687,0.3648308135349172,0.364831
378,0.6400287976961843,0.6400292000000001,0.3599712023038157,0.359971
379,0.6339092872570194,0.6339097,0.3660907127429805,0.366091
380,0.6369690424766019,0.6369686999999999,0.3630309575233981,0.363031
381,0.6186105111591073,0.6186106,0.3813894888408927,0.381389
382,0.6385889128869691,0.6385888,0.3614110871130309,0.361411
383,0.6285097192224622,0.6285095,0.3714902807775378,0.37149
384,0.6312095032397408,0.6312096,0.3687904967602591,0.368791
385,0.6333693304535637,0.6333694999999999,0.3666306695464363,0.366631
386,0.6382289416846653,0.6382286,0.3617710583153348,0.361771
387,0.6378689704823615,0.6378693,0.3621310295176386,0.362131
388,0.6330093592512599,0.6330091999999999,0.3669906407487401,0.366991
389,0.6223902087832973,0.6223898,0.3776097912167027,0.37761
390,0.6385889128869691,0.6385889,0.3614110871130309,0.361411
391,0.6333693304535637,0.6333696,0.3666306695464363,0.366631
392,0.6450683945284377,0.6450685,0.3549316054715623,0.354932
393,0.6283297336213103,0.6283297000000001,0.3716702663786897,0.37167
394,0.6362491000719942,0.6362495,0.3637508999280057,0.363751
395,0.6360691144708424,0.636069,0.3639308855291576,0.363931
396,0.6344492440604752,0.6344493,0.3655507559395248,0.365551
397,0.6393088552915767,0.6393085,0.3606911447084233,0.360691
398,0.6330093592512599,0.6330093999999999,0.3669906407487401,0.366991
399,0.6299496040316774,0.6299497000000001,0.3700503959683225,0.37005
400,0.6376889848812095,0.6376895,0.3623110151187905,0.362311
401,0.6376889848812095,0.6376894,0.3623110151187905,0.362311
402,0.6319294456443485,0.6319293,0.3680705543556515,0.368071
403,0.634809215262779,0.6348090000000001,0.365190784737221,0.365191
404,0.63678905687545,0.6367893,0.36321094312455,0.363211
405,0.6326493880489561,0.6326494,0.3673506119510439,0.367351
406,0.628869690424766,0.6288693,0.3711303095752339,0.37113
407,0.6303095752339812,0.6303099,0.3696904247660187,0.36969
408,0.6369690424766019,0.6369693,0.3630309575233981,0.363031
409,0.6362491000719942,0.6362485999999999,0.3637508999280057,0.363751
410,0.6519078473722102,0.6519081,0.3480921526277897,0.348092
411,0.6364290856731462,0.6364288,0.3635709143268538,0.363571
412,0.6369690424766019,0.636969,0.3630309575233981,0.363031
413,0.6349892008639308,0.6349895,0.3650107991360691,0.365011
414,0.634629229661627,0.6346292,0.3653707703383729,0.365371
415,0.6337293016558675,0.6337297,0.3662706983441324,0.366271
416,0.6268898488120951,0.6268897,0.3731101511879049,0.37311
417,0.6344492440604752,0.6344496000000001,0.3655507559395248,0.365551
418,0.6326493880489561,0.632649,0.3673506119510439,0.367351
419,0.6286897048236141,0.6286896,0.3713102951763858,0.37131
420,0.6364290856731462,0.6364296,0.3635709143268538,0.363571
421,0.6490280777537797,0.6490285,0.3509719222462203,0.350972
422,0.6335493160547156,0.6335489999999999,0.3664506839452843,0.366451
423,0.6274298056155507,0.6274297999999999,0.3725701943844492,0.37257
424,0.6283297336213103,0.6283298,0.3716702663786897,0.37167
425,0.6362491000719942,0.6362488,0.3637508999280057,0.363751
426,0.6439884809215263,0.6439889999999999,0.3560115190784737,0.356012
427,0.6380489560835133,0.6380489,0.3619510439164867,0.361951
428,0.6573074154067674,0.6573070000000001,0.3426925845932325,0.342693
429,0.6319294456443485,0.6319298,0.3680705543556515,0.368071
430,0.6303095752339812,0.6303097999999999,0.3696904247660187,0.36969
431,0.6488480921526278,0.6488481,0.3511519078473722,0.351152
432,0.6328293736501079,0.6328295,0.367170626349892,0.367171
433,0.6198704103671706,0.6198707999999999,0.3801295896328294,0.38013
434,0.6376889848812095,0.6376886,0.3623110151187905,0.362311
435,0.6315694744420446,0.6315691,0.3684305255579553,0.368431
436,0.6299496040316774,0.6299493,0.3700503959683225,0.37005
437,0.6331893448524119,0.6331888999999999,0.3668106551475882,0.366811
438,0.6382289416846653,0.6382292,0.3617710583153348,0.361771
439,0.6364290856731462,0.6364295,0.3635709143268538,0.363571
440,0.6472282217422606,0.6472282,0.3527717782577393,0.352772
441,0.6441684665226782,0.6441688,0.3558315334773218,0.355832
442,0.624910007199424,0.6249098000000001,0.375089992800576,0.37509
443,0.6344492440604752,0.6344497,0.3655507559395248,0.365551
444,0.6436285097192225,0.6436286,0.3563714902807775,0.356371
445,0.6324694024478041,0.632469,0.3675305975521958,0.367531
446,0.6393088552915767,0.6393092,0.3606911447084233,0.360691
447,0.6366090712742981,0.6366093,0.3633909287257019,0.363391
448,0.6412886969042476,0.6412886,0.3587113030957523,0.358711
449,0.6335493160547156,0.6335491,0.3664506839452843,0.366451
450,0.6337293016558675,0.6337289,0.3662706983441324,0.366271
451,0.6360691144708424,0.6360688,0.3639308855291576,0.363931
452,0.634809215262779,0.6348088,0.365190784737221,0.365191
453,0.6270698344132469,0.6270698,0.372930165586753,0.37293
454,0.6355291576673866,0.6355291999999999,0.3644708423326134,0.364471
455,0.6355291576673866,0.6355288,0.3644708423326134,0.364471
456,0.6290496760259179,0.6290496000000001,0.370950323974082,0.37095
457,0.6394888408927286,0.639489,0.3605111591072714,0.360511
458,0.6313894888408927,0.6313894999999999,0.3686105111591072,0.368611
459,0.6342692584593232,0.6342695,0.3657307415406767,0.365731
460,0.6400287976961843,0.6400293,0.3599712023038157,0.359971
461,0.6452483801295896,0.6452484999999999,0.3547516198704104,0.354752
462,0.6358891288696904,0.6358891999999999,0.3641108711303096,0.364111
463,0.6297696184305256,0.6297695,0.3702303815694744,0.37023
464,0.6322894168466523,0.6322898,0.3677105831533477,0.367711
465,0.6321094312455003,0.6321095,0.3678905687544996,0.367891
466,0.634629229661627,0.634629,0.3653707703383729,0.365371
467,0.6340892728581713,0.6340892,0.3659107271418286,0.365911
468,0.6457883369330454,0.6457884,0.3542116630669546,0.354212
469,0.6430885529157667,0.6430881,0.3569114470842333,0.356911
470,0.6321094312455003,0.6321098,0.3678905687544996,0.367891
471,0.6337293016558675,0.6337297,0.3662706983441324,0.366271
472,0.6369690424766019,0.6369695,0.3630309575233981,0.363031
473,0.628869690424766,0.6288697,0.3711303095752339,0.37113
474,0.6443484521238301,0.6443485999999999,0.3556515478761699,0.355652
475,0.6342692584593232,0.6342688999999999,0.3657307415406767,0.365731
476,0.6376889848812095,0.6376886,0.3623110151187905,0.362311
477,0.6319294456443485,0.6319298,0.3680705543556515,0.368071
478,0.6317494600431965,0.6317491,0.3682505399568034,0.368251
479,0.6303095752339812,0.6303099,0.3696904247660187,0.36969
480,0.6537077033837293,0.653708,0.3462922966162707,0.346292
481,0.6330093592512599,0.6330089999999999,0.3669906407487401,0.366991
482,0.6403887688984882,0.6403885,0.3596112311015119,0.359611
483,0.6400287976961843,0.640029,0.3599712023038157,0.359971
484,0.6382289416846653,0.6382294000000001,0.3617710583153348,0.361771
485,0.6247300215982722,0.6247299000000001,0.3752699784017279,0.37527
486,0.6340892728581713,0.6340895,0.3659107271418286,0.365911
487,0.6279697624190065,0.6279695999999999,0.3720302375809935,0.37203
488,0.6391288696904248,0.6391283999999999,0.3608711303095752,0.360871
489,0.6411087113030958,0.641109,0.3588912886969042,0.358891
490,0.634809215262779,0.634809,0.365190784737221,0.365191
491,0.6274298056155507,0.6274299,0.3725701943844492,0.37257
492,0.6268898488120951,0.6268899,0.3731101511879049,0.37311
493,0.6351691864650828,0.6351694999999999,0.3648308135349172,0.364831
494,0.6285097192224622,0.6285098,0.3714902807775378,0.37149
495,0.6432685385169187,0.6432682000000001,0.3567314614830814,0.356731
496,0.6506479481641468,0.6506482,0.3493520518358531,0.349352
497,0.6240100791936645,0.6240098,0.3759899208063355,0.37599
498,0.6369690424766019,0.6369695,0.3630309575233981,0.363031
499,0.644528437724982,0.6445288,0.3554715622750179,0.355472
500,0.6400287976961843,0.6400284,0.3599712023038157,0.359971
501,0.6321094312455003,0.632109,0.3678905687544996,0.367891
502,0.6427285817134629,0.6427282,0.3572714182865371,0.357271
503,0.6403887688984882,0.6403885,0.3596112311015119,0.359611
504,0.6339092872570194,0.6339089,0.3660907127429805,0.366091
505,0.6313894888408927,0.6313899000000001,0.3686105111591072,0.368611
506,0.630849532037437,0.6308498,0.369150467962563,0.36915
507,0.6364290856731462,0.6364291000000001,0.3635709143268538,0.363571
508,0.6209503239740821,0.6209507,0.3790496760259179,0.37905
509,0.6335493160547156,0.6335489,0.3664506839452843,0.366451
510,0.6324694024478041,0.6324693,0.3675305975521958,0.367531
511,0.6447084233261339,0.6447087,0.355291576673866,0.355292
512,0.6335493160547156,0.6335497999999999,0.3664506839452843,0.366451
513,0.6306695464362851,0.6306691000000001,0.3693304535637149,0.36933
514,0.6306695464362851,0.6306695,0.3693304535637149,0.36933
515,0.6342692584593232,0.6342690999999999,0.3657307415406767,0.365731
516,0.621130309575234,0.62113,0.378869690424766,0.37887
517,0.6355291576673866,0.6355292,0.3644708423326134,0.364471
518,0.6355291576673866,0.635529,0.3644708423326134,0.364471
519,0.6429085673146149,0.6429085,0.3570914326853852,0.357091
520,0.6373290136789057,0.6373295,0.3626709863210943,0.362671
521,0.6393088552915767,0.6393086,0.3606911447084233,0.360691
522,0.634629229661627,0.6346296,0.3653707703383729,0.365371
523,0.6382289416846653,0.6382294,0.3617710583153348,0.361771
524,0.6292296616270698,0.6292296000000001,0.3707703383729301,0.37077
525,0.6355291576673866,0.6355293,0.3644708423326134,0.364471
526,0.6385889128869691,0.6385886000000001,0.3614110871130309,0.361411
527,0.6452483801295896,0.6452481999999999,0.3547516198704104,0.354752
528,0.6333693304535637,0.6333691,0.3666306695464363,0.366631
529,0.6304895608351332,0.6304894999999999,0.3695104391648668,0.36951
530,0.6335493160547156,0.6335495,0.3664506839452843,0.366451
531,0.6222102231821455,0.62221,0.3777897768178546,0.37779
532,0.6369690424766019,0.6369694,0.3630309575233981,0.363031
533,0.6360691144708424,0.6360696,0.3639308855291576,0.363931
534,0.6207703383729302,0.6207708,0.3792296616270698,0.37923
535,0.6398488120950324,0.6398486000000001,0.3601511879049676,0.360151
536,0.634629229661627,0.6346297000000001,0.3653707703383729,0.365371
537,0.6389488840892729,0.6389490999999999,0.3610511159107271,0.361051
538,0.6312095032397408,0.6312093,0.3687904967602591,0.368791
539,0.6292296616270698,0.6292299,0.3707703383729301,0.37077
540,0.6387688984881209,0.6387686,0.361231101511879,0.361231
541,0.6313894888408927,0.6313898,0.3686105111591072,0.368611
542,0.6369690424766019,0.6369688,0.3630309575233981,0.363031
543,0.6297696184305256,0.62977,0.3702303815694744,0.37023
544,0.6245500359971202,0.6245496,0.3754499640028798,0.37545
545,0.6303095752339812,0.6303091999999999,0.3696904247660187,0.36969
546,0.6319294456443485,0.6319292,0.3680705543556515,0.368071
547,0.6391288696904248,0.6391289,0.3608711303095752,0.360871
548,0.6376889848812095,0.6376888000000001,0.3623110151187905,0.362311
549,0.6362491000719942,0.636249,0.3637508999280057,0.363751
550,0.6434485241180705,0.6434486,0.3565514758819294,0.356551
551,0.630849532037437,0.6308498,0.369150467962563,0.36915
552,0.6349892008639308,0.6349896,0.3650107991360691,0.365011
553,0.6459683225341972,0.6459684,0.3540316774658027,0.354032
554,0.6299496040316774,0.6299497,0.3700503959683225,0.37005
555,0.6391288696904248,0.6391289,0.3608711303095752,0.360871
556,0.6306695464362851,0.6306691,0.3693304535637149,0.36933
557,0.6272498200143989,0.6272498,0.3727501799856011,0.37275
558,0.634809215262779,0.6348094999999999,0.365190784737221,0.365191
559,0.6423686105111591,0.6423687,0.3576313894888409,0.357631
560,0.6324694024478041,0.6324698,0.3675305975521958,0.367531
561,0.6214902807775378,0.6214900999999999,0.3785097192224622,0.37851
562,0.634629229661627,0.6346297,0.3653707703383729,0.365371
563,0.6285097192224622,0.6285099000000001,0.3714902807775378,0.37149
564,0.6400287976961843,0.6400285,0.3599712023038157,0.359971
565,0.6403887688984882,0.6403892,0.3596112311015119,0.359611
566,0.630849532037437,0.6308494,0.369150467962563,0.36915
567,0.6371490280777538,0.6371486,0.3628509719222462,0.362851
568,0.6281497480201584,0.6281497,0.3718502519798416,0.37185
569,0.6357091432685386,0.6357088000000001,0.3642908567314615,0.364291
570,0.6339092872570194,0.6339096,0.3660907127429805,0.366091
571,0.6276097912167027,0.6276096999999999,0.3723902087832973,0.37239
572,0.6310295176385889,0.6310294,0.3689704823614111,0.368971
573,0.6272498200143989,0.6272496,0.3727501799856011,0.37275
574,0.6387688984881209,0.6387688,0.361231101511879,0.361231
575,0.630849532037437,0.6308495000000001,0.369150467962563,0.36915
576,0.6330093592512599,0.6330098000000001,0.3669906407487401,0.366991
577,0.634809215262779,0.634809,0.365190784737221,0.365191
578,0.6371490280777538,0.6371493,0.3628509719222462,0.362851
579,0.6259899208063355,0.6259896,0.3740100791936645,0.37401
580,0.6339092872570194,0.6339094,0.3660907127429805,0.366091
581,0.6324694024478041,0.6324695,0.3675305975521958,0.367531
582,0.6456083513318934,0.6456086,0.3543916486681066,0.354392
583,0.6508279337652988,0.6508283,0.3491720662347012,0.349172
584,0.6333693304535637,0.6333694999999999,0.3666306695464363,0.366631
585,0.6299496040316774,0.6299494,0.3700503959683225,0.37005
586,0.6285097192224622,0.6285093,0.3714902807775378,0.37149
587,0.624910007199424,0.6249096000000001,0.375089992800576,0.37509
588,0.642548596112311,0.6425485,0.357451403887689,0.357451
589,0.6344492440604752,0.6344491,0.3655507559395248,0.365551
590,0.6349892008639308,0.6349888,0.3650107991360691,0.365011
591,0.6317494600431965,0.6317494,0.3682505399568034,0.368251
592,0.6290496760259179,0.6290497,0.370950323974082,0.37095
593,0.6409287257019438,0.6409291,0.3590712742980561,0.359071
594,0.6258099352051836,0.6258097,0.3741900647948164,0.37419
595,0.6484881209503239,0.6484884,0.351511879049676,0.351512
596,0.6324694024478041,0.6324689,0.3675305975521958,0.367531
597,0.6369690424766019,0.6369693,0.3630309575233981,0.363031
598,0.6375089992800576,0.6375088,0.3624910007199424,0.362491
599,0.650467962562995,0.6504677,0.349532037437005,0.349532
600,0.6414686825053996,0.6414685999999999,0.3585313174946004,0.358531
601,0.6342692584593232,0.6342695,0.3657307415406767,0.365731
602,0.634809215262779,0.6348093,0.365190784737221,0.365191
603,0.6387688984881209,0.6387694,0.361231101511879,0.361231
604,0.6427285817134629,0.6427283,0.3572714182865371,0.357271
605,0.6420086393088553,0.6420089,0.3579913606911447,0.357991
606,0.6414686825053996,0.6414691,0.3585313174946004,0.358531
607,0.6364290856731462,0.636429,0.3635709143268538,0.363571
608,0.6423686105111591,0.6423687,0.3576313894888409,0.357631
609,0.6421886249100072,0.6421884,0.3578113750899928,0.357811
610,0.630849532037437,0.6308492,0.369150467962563,0.36915
611,0.6418286537077034,0.6418284000000001,0.3581713462922966,0.358171
612,0.6420086393088553,0.6420087999999999,0.3579913606911447,0.357991
613,0.63678905687545,0.6367886,0.36321094312455,0.363211
614,0.6362491000719942,0.6362488,0.3637508999280057,0.363751
615,0.6234701223902088,0.6234706000000001,0.3765298776097912,0.37653
616,0.6227501799856011,0.62275,0.3772498200143988,0.37725
617,0.6420086393088553,0.6420086,0.3579913606911447,0.357991
618,0.6306695464362851,0.6306699,0.3693304535637149,0.36933
619,0.6409287257019438,0.6409284,0.3590712742980561,0.359071
620,0.6378689704823615,0.6378695,0.3621310295176386,0.362131
621,0.634809215262779,0.6348095,0.365190784737221,0.365191
622,0.6321094312455003,0.6321095999999999,0.3678905687544996,0.367891
623,0.6423686105111591,0.6423681,0.3576313894888409,0.357631
624,0.6333693304535637,0.6333697,0.3666306695464363,0.366631
625,0.6456083513318934,0.6456084,0.3543916486681066,0.354392
626,0.6376889848812095,0.6376888,0.3623110151187905,0.362311
627,0.6403887688984882,0.6403883,0.3596112311015119,0.359611
628,0.630849532037437,0.6308499,0.369150467962563,0.36915
629,0.6270698344132469,0.6270696,0.372930165586753,0.37293
630,0.6301295896328294,0.6301298,0.3698704103671706,0.36987
631,0.6398488120950324,0.6398485,0.3601511879049676,0.360151
632,0.6492080633549316,0.6492084,0.3507919366450684,0.350792
633,0.6362491000719942,0.6362492000000001,0.3637508999280057,0.363751
634,0.6387688984881209,0.6387688,0.361231101511879,0.361231
635,0.6423686105111591,0.6423684999999999,0.3576313894888409,0.357631
636,0.6389488840892729,0.6389492,0.3610511159107271,0.361051
637,0.6398488120950324,0.6398486,0.3601511879049676,0.360151
638,0.634629229661627,0.6346297000000001,0.3653707703383729,0.365371
639,0.6331893448524119,0.6331893,0.3668106551475882,0.366811
640,0.6421886249100072,0.6421887000000001,0.3578113750899928,0.357811
641,0.6457883369330454,0.6457884,0.3542116630669546,0.354212
642,0.6375089992800576,0.6375087,0.3624910007199424,0.362491
643,0.6333693304535637,0.6333696,0.3666306695464363,0.366631
644,0.6403887688984882,0.6403885,0.3596112311015119,0.359611
645,0.6322894168466523,0.6322895000000001,0.3677105831533477,0.367711
646,0.6448884089272858,0.6448884,0.3551115910727141,0.355112
647,0.6384089272858171,0.6384091000000001,0.3615910727141829,0.361591
648,0.6321094312455003,0.6321094,0.3678905687544996,0.367891
649,0.6286897048236141,0.6286892000000001,0.3713102951763858,0.37131
650,0.6328293736501079,0.6328295,0.367170626349892,0.367171
651,0.6321094312455003,0.6321095999999999,0.3678905687544996,0.367891
652,0.6385889128869691,0.6385892999999999,0.3614110871130309,0.361411
653,0.6267098632109431,0.6267101,0.3732901367890568,0.37329
654,0.6312095032397408,0.6312095,0.3687904967602591,0.368791
655,0.6382289416846653,0.6382287,0.3617710583153348,0.361771
656,0.6380489560835133,0.6380495,0.3619510439164867,0.361951
657,0.6420086393088553,0.6420083,0.3579913606911447,0.357991
658,0.6387688984881209,0.6387687,0.361231101511879,0.361231
659,0.6376889848812095,0.6376894,0.3623110151187905,0.362311
660,0.6310295176385889,0.6310295,0.3689704823614111,0.36897
661,0.6281497480201584,0.6281498,0.3718502519798416,0.37185
662,0.6319294456443485,0.6319293,0.3680705543556515,0.368071
663,0.6358891288696904,0.6358891,0.3641108711303096,0.364111
664,0.6371490280777538,0.6371492999999999,0.3628509719222462,0.362851
665,0.6373290136789057,0.6373287000000001,0.3626709863210943,0.362671
666,0.6393088552915767,0.6393088,0.3606911447084233,0.360691
667,0.6286897048236141,0.6286896000000001,0.3713102951763858,0.37131
668,0.6326493880489561,0.6326497,0.3673506119510439,0.367351
669,0.6412886969042476,0.6412889,0.3587113030957523,0.358711
670,0.6259899208063355,0.6259897,0.3740100791936645,0.37401
671,0.6391288696904248,0.6391287999999999,0.3608711303095752,0.360871
672,0.6335493160547156,0.6335497999999999,0.3664506839452843,0.366451
673,0.6357091432685386,0.6357087,0.3642908567314615,0.364291
674,0.6448884089272858,0.6448881000000001,0.3551115910727141,0.355112
675,0.6393088552915767,0.6393093,0.3606911447084233,0.360691
676,0.6357091432685386,0.6357095,0.3642908567314615,0.364291
677,0.6321094312455003,0.6321095000000001,0.3678905687544996,0.367891
678,0.6263498920086393,0.6263501,0.3736501079913606,0.37365
679,0.6317494600431965,0.6317499,0.3682505399568034,0.368251
680,0.6420086393088553,0.6420082,0.3579913606911447,0.357991
681,0.6342692584593232,0.6342696999999999,0.3657307415406767,0.365731
682,0.6270698344132469,0.6270695,0.372930165586753,0.37293
683,0.6353491720662346,0.6353494,0.3646508279337653,0.364651
684,0.6387688984881209,0.6387693,0.361231101511879,0.361231
685,0.6339092872570194,0.6339092,0.3660907127429805,0.366091
686,0.6362491000719942,0.6362496,0.3637508999280057,0.363751
687,0.6382289416846653,0.6382294000000001,0.3617710583153348,0.361771
688,0.6330093592512599,0.6330097,0.3669906407487401,0.366991
689,0.6497480201583873,0.6497483000000001,0.3502519798416126,0.350252
690,0.6513678905687545,0.6513675,0.3486321094312455,0.348632
691,0.6378689704823615,0.6378689,0.3621310295176386,0.362131
692,0.6402087832973362,0.6402085,0.3597912167026638,0.359791
693,0.640748740100792,0.640749,0.3592512598992081,0.359251
694,0.6342692584593232,0.6342694000000001,0.3657307415406767,0.365731
695,0.634629229661627,0.6346288,0.3653707703383729,0.365371
696,0.6319294456443485,0.6319295,0.3680705543556515,0.368071
697,0.6292296616270698,0.6292296,0.3707703383729301,0.37077
698,0.6315694744420446,0.6315691999999999,0.3684305255579553,0.368431
699,0.6427285817134629,0.6427287,0.3572714182865371,0.357271
700,0.6328293736501079,0.6328294999999999,0.367170626349892,0.367171
701,0.6295896328293736,0.6295892000000001,0.3704103671706263,0.37041
702,0.6492080633549316,0.6492077,0.3507919366450684,0.350792
703,0.6400287976961843,0.6400285,0.3599712023038157,0.359971
704,0.6319294456443485,0.6319298999999999,0.3680705543556515,0.368071
705,0.6362491000719942,0.6362491,0.3637508999280057,0.363751
706,0.6281497480201584,0.6281494999999999,0.3718502519798416,0.37185
707,0.6526277897768179,0.6526273,0.3473722102231821,0.347372
708,0.6429085673146149,0.6429081,0.3570914326853852,0.357091
709,0.6247300215982722,0.6247298,0.3752699784017279,0.37527
710,0.634629229661627,0.6346291,0.3653707703383729,0.365371
711,0.6315694744420446,0.6315694,0.3684305255579553,0.36843
712,0.6310295176385889,0.6310297,0.3689704823614111,0.36897
713,0.6385889128869691,0.6385893,0.3614110871130309,0.361411
714,0.6333693304535637,0.6333695,0.3666306695464363,0.366631
715,0.630849532037437,0.6308491,0.369150467962563,0.36915
716,0.6385889128869691,0.6385887,0.3614110871130309,0.361411
717,0.63678905687545,0.636789,0.36321094312455,0.363211
718,0.644528437724982,0.6445284,0.3554715622750179,0.355472
719,0.6342692584593232,0.6342692,0.3657307415406767,0.365731
720,0.6360691144708424,0.6360695000000001,0.3639308855291576,0.363931
721,0.6240100791936645,0.6240100000000001,0.3759899208063355,0.37599
722,0.6403887688984882,0.6403892,0.3596112311015119,0.359611
723,0.6438084953203743,0.6438085,0.3561915046796256,0.356192
724,0.6427285817134629,0.642729,0.3572714182865371,0.357271
725,0.6551475881929446,0.655148,0.3448524118070554,0.344852
726,0.6313894888408927,0.6313893,0.3686105111591072,0.368611
727,0.6438084953203743,0.6438088,0.3561915046796256,0.356191
728,0.6353491720662346,0.6353492,0.3646508279337653,0.364651
729,0.6340892728581713,0.6340892,0.3659107271418286,0.365911
730,0.6268898488120951,0.6268899,0.3731101511879049,0.37311
731,0.6385889128869691,0.6385886000000001,0.3614110871130309,0.361411
732,0.6358891288696904,0.6358895,0.3641108711303096,0.364111
733,0.6281497480201584,0.6281496,0.3718502519798416,0.37185
734,0.6216702663786897,0.6216699,0.3783297336213103,0.37833
735,0.634809215262779,0.6348095,0.365190784737221,0.365191
736,0.6366090712742981,0.6366094,0.3633909287257019,0.363391
737,0.6292296616270698,0.6292296,0.3707703383729301,0.37077
738,0.6292296616270698,0.6292294,0.3707703383729301,0.37077
739,0.6402087832973362,0.6402085,0.3597912167026638,0.359791
740,0.6474082073434125,0.6474085999999999,0.3525917926565874,0.352592
741,0.6279697624190065,0.6279695,0.3720302375809935,0.37203
742,0.6326493880489561,0.6326491,0.3673506119510439,0.367351
743,0.6285097192224622,0.62851,0.3714902807775378,0.37149
744,0.6240100791936645,0.6240099,0.3759899208063355,0.37599
745,0.6301295896328294,0.6301291,0.3698704103671706,0.36987
746,0.6270698344132469,0.6270694,0.372930165586753,0.37293
747,0.6319294456443485,0.6319294,0.3680705543556515,0.368071
748,0.6355291576673866,0.6355295,0.3644708423326134,0.364471
749,0.6321094312455003,0.6321098,0.3678905687544996,0.367891
750,0.6337293016558675,0.6337292000000001,0.3662706983441324,0.366271
751,0.6295896328293736,0.62959,0.3704103671706263,0.37041
752,0.6337293016558675,0.6337295000000001,0.3662706983441324,0.366271
753,0.6389488840892729,0.6389486999999999,0.3610511159107271,0.361051
754,0.6222102231821455,0.6222103,0.3777897768178546,0.37779
755,0.6290496760259179,0.6290494,0.370950323974082,0.37095
756,0.6274298056155507,0.6274296,0.3725701943844492,0.37257
757,0.6340892728581713,0.6340895,0.3659107271418286,0.365911
758,0.6330093592512599,0.6330089,0.3669906407487401,0.366991
759,0.6321094312455003,0.6321099,0.3678905687544996,0.367891
760,0.6360691144708424,0.6360692,0.3639308855291576,0.363931
761,0.6358891288696904,0.6358896,0.3641108711303096,0.364111
762,0.6276097912167027,0.62761,0.3723902087832973,0.37239
763,0.6450683945284377,0.6450679,0.3549316054715623,0.354932
764,0.6313894888408927,0.6313899000000001,0.3686105111591072,0.368611
765,0.634629229661627,0.6346297000000001,0.3653707703383729,0.365371
766,0.6360691144708424,0.6360687,0.3639308855291576,0.363931
767,0.6315694744420446,0.6315694000000001,0.3684305255579553,0.368431
768,0.6259899208063355,0.6259897,0.3740100791936645,0.37401
769,0.6452483801295896,0.6452488000000001,0.3547516198704104,0.354752
770,0.6349892008639308,0.6349889000000001,0.3650107991360691,0.365011
771,0.630849532037437,0.6308492,0.369150467962563,0.36915
772,0.6403887688984882,0.6403883,0.3596112311015119,0.359611
773,0.6340892728581713,0.6340889,0.3659107271418286,0.365911
774,0.6391288696904248,0.6391293,0.3608711303095752,0.360871
775,0.6279697624190065,0.6279702,0.3720302375809935,0.37203
776,0.6331893448524119,0.6331897,0.3668106551475882,0.366811
777,0.6279697624190065,0.62797,0.3720302375809935,0.37203
778,0.6344492440604752,0.634449,0.3655507559395248,0.365551
779,0.6279697624190065,0.6279701,0.3720302375809935,0.37203
780,0.6294096472282218,0.6294099000000001,0.3705903527717782,0.37059
781,0.6198704103671706,0.6198708,0.3801295896328294,0.38013
782,0.6373290136789057,0.6373286,0.3626709863210943,0.362671
783,0.6430885529157667,0.6430885,0.3569114470842333,0.356911
784,0.6322894168466523,0.6322892999999999,0.3677105831533477,0.367711
785,0.634629229661627,0.6346288,0.3653707703383729,0.365371
786,0.6326493880489561,0.6326495999999999,0.3673506119510439,0.367351
787,0.6375089992800576,0.6375090000000001,0.3624910007199424,0.362491
788,0.6358891288696904,0.6358893,0.3641108711303096,0.364111
789,0.6299496040316774,0.6299492000000001,0.3700503959683225,0.37005
790,0.6385889128869691,0.6385890999999999,0.3614110871130309,0.361411
791,0.644528437724982,0.6445284,0.3554715622750179,0.355472
792,0.6351691864650828,0.6351695,0.3648308135349172,0.364831
793,0.6241900647948164,0.6241903999999999,0.3758099352051836,0.37581
794,0.6373290136789057,0.6373295,0.3626709863210943,0.362671
795,0.6402087832973362,0.640209,0.3597912167026638,0.359791
796,0.6276097912167027,0.6276099,0.3723902087832973,0.37239
797,0.6259899208063355,0.6259901,0.3740100791936645,0.37401
798,0.6322894168466523,0.6322892,0.3677105831533477,0.367711
799,0.6258099352051836,0.6258099,0.3741900647948164,0.37419
800,0.6362491000719942,0.6362494,0.3637508999280057,0.363751
801,0.6369690424766019,0.6369695000000001,0.3630309575233981,0.363031
802,0.6322894168466523,0.6322898,0.3677105831533477,0.367711
803,0.6274298056155507,0.6274301,0.3725701943844492,0.37257
804,0.6423686105111591,0.6423687,0.3576313894888409,0.357631
805,0.6301295896328294,0.6301296000000001,0.3698704103671706,0.36987
806,0.6353491720662346,0.6353494000000001,0.3646508279337653,0.364651
807,0.6375089992800576,0.6375086000000001,0.3624910007199424,0.362491
808,0.6310295176385889,0.6310295,0.3689704823614111,0.368971
809,0.6321094312455003,0.6321093,0.3678905687544996,0.367891
810,0.6369690424766019,0.6369691,0.3630309575233981,0.363031
811,0.6315694744420446,0.631569,0.3684305255579553,0.36843
812,0.6290496760259179,0.62905,0.370950323974082,0.37095
813,0.6403887688984882,0.6403892,0.3596112311015119,0.359611
814,0.6357091432685386,0.6357088999999999,0.3642908567314615,0.364291
815,0.6344492440604752,0.6344495,0.3655507559395248,0.365551
816,0.6357091432685386,0.6357093,0.3642908567314615,0.364291
817,0.6333693304535637,0.6333692,0.3666306695464363,0.366631
818,0.6351691864650828,0.6351694,0.3648308135349172,0.364831
819,0.6299496040316774,0.6299497,0.3700503959683225,0.37005
820,0.6396688264938805,0.6396693,0.3603311735061195,0.360331
821,0.6340892728581713,0.6340897999999999,0.3659107271418286,0.365911
822,0.6317494600431965,0.6317493,0.3682505399568034,0.368251
823,0.6376889848812095,0.6376889,0.3623110151187905,0.362311
824,0.6331893448524119,0.6331896,0.3668106551475882,0.366811
825,0.6452483801295896,0.645249,0.3547516198704104,0.354752
826,0.6301295896328294,0.63013,0.3698704103671706,0.36987
827,0.6362491000719942,0.6362491,0.3637508999280057,0.363751
828,0.6402087832973362,0.6402085,0.3597912167026638,0.359791
829,0.6299496040316774,0.6299498,0.3700503959683225,0.37005
830,0.6339092872570194,0.6339089,0.3660907127429805,0.366091
831,0.634629229661627,0.6346297000000001,0.3653707703383729,0.365371
832,0.634809215262779,0.6348094,0.365190784737221,0.365191
833,0.6258099352051836,0.6258097,0.3741900647948164,0.37419
834,0.644528437724982,0.6445282,0.3554715622750179,0.355472
835,0.6358891288696904,0.6358888,0.3641108711303096,0.364111
836,0.6322894168466523,0.632289,0.3677105831533477,0.367711
837,0.6387688984881209,0.6387693,0.361231101511879,0.361231
838,0.6391288696904248,0.6391285,0.3608711303095752,0.360871
839,0.6411087113030958,0.6411082,0.3588912886969042,0.358891
840,0.6335493160547156,0.6335489,0.3664506839452843,0.366451
841,0.6358891288696904,0.6358893999999999,0.3641108711303096,0.364111
842,0.6324694024478041,0.6324695,0.3675305975521958,0.367531
843,0.6369690424766019,0.6369695000000001,0.3630309575233981,0.363031
844,0.644528437724982,0.6445286,0.3554715622750179,0.355472
845,0.6412886969042476,0.6412889,0.3587113030957523,0.358711
846,0.6321094312455003,0.6321097999999999,0.3678905687544996,0.367891
847,0.6398488120950324,0.6398484000000001,0.3601511879049676,0.360151
848,0.6447084233261339,0.6447086000000001,0.355291576673866,0.355292
849,0.6306695464362851,0.6306698,0.3693304535637149,0.36933
850,0.6277897768178545,0.62779,0.3722102231821454,0.37221
851,0.6429085673146149,0.6429088,0.3570914326853852,0.357091
852,0.6387688984881209,0.6387684,0.361231101511879,0.361231
853,0.644528437724982,0.6445289000000001,0.3554715622750179,0.355472
854,0.6441684665226782,0.6441684999999999,0.3558315334773218,0.355832
855,0.6355291576673866,0.6355287000000001,0.3644708423326134,0.364471
856,0.6355291576673866,0.6355294,0.3644708423326134,0.364471
857,0.6285097192224622,0.6285098,0.3714902807775378,0.37149
858,0.6232901367890569,0.6232897000000001,0.3767098632109431,0.37671
859,0.619150467962563,0.61915,0.380849532037437,0.38085
860,0.6290496760259179,0.6290496999999999,0.370950323974082,0.37095
861,0.6330093592512599,0.6330095,0.3669906407487401,0.366991
862,0.6333693304535637,0.633369,0.3666306695464363,0.366631
863,0.6310295176385889,0.6310291,0.3689704823614111,0.36897
864,0.6290496760259179,0.6290492999999999,0.370950323974082,0.37095
865,0.6355291576673866,0.6355292,0.3644708423326134,0.364471
866,0.6337293016558675,0.633729,0.3662706983441324,0.366271
867,0.6299496040316774,0.6299491,0.3700503959683225,0.37005
868,0.6330093592512599,0.6330098,0.3669906407487401,0.366991
869,0.646328293736501,0.6463286,0.3536717062634989,0.353672
870,0.6310295176385889,0.6310297,0.3689704823614111,0.36897
871,0.6438084953203743,0.6438086000000001,0.3561915046796256,0.356192
872,0.6360691144708424,0.6360687,0.3639308855291576,0.363931
873,0.6277897768178545,0.6277900999999999,0.3722102231821454,0.37221
874,0.6335493160547156,0.6335497,0.3664506839452843,0.366451
875,0.6429085673146149,0.6429084,0.3570914326853852,0.357091
876,0.625089992800576,0.6250897,0.374910007199424,0.37491
877,0.6322894168466523,0.6322895,0.3677105831533477,0.367711
878,0.6396688264938805,0.6396687000000001,0.3603311735061195,0.360331
879,0.6313894888408927,0.6313896,0.3686105111591072,0.368611
880,0.6373290136789057,0.6373287,0.3626709863210943,0.362671
881,0.6331893448524119,0.6331897999999999,0.3668106551475882,0.366811
882,0.6340892728581713,0.6340893,0.3659107271418286,0.365911
883,0.6285097192224622,0.6285096,0.3714902807775378,0.37149
884,0.6375089992800576,0.6375086,0.3624910007199424,0.362491
885,0.6285097192224622,0.62851,0.3714902807775378,0.37149
886,0.6375089992800576,0.6375087,0.3624910007199424,0.362491
887,0.6495680345572354,0.6495683,0.3504319654427645,0.350432
888,0.640748740100792,0.6407489000000001,0.3592512598992081,0.359251
889,0.6337293016558675,0.6337297000000001,0.3662706983441324,0.366271
890,0.6317494600431965,0.6317493,0.3682505399568034,0.368251
891,0.6443484521238301,0.6443485,0.3556515478761699,0.355652
892,0.6272498200143989,0.6272495,0.3727501799856011,0.37275
893,0.6540676745860331,0.6540676000000001,0.3459323254139669,0.345932
894,0.6378689704823615,0.6378688,0.3621310295176386,0.362131
895,0.6317494600431965,0.6317499999999999,0.3682505399568034,0.368251
896,0.6416486681065515,0.6416485,0.3583513318934485,0.358351
897,0.628869690424766,0.6288695,0.3711303095752339,0.37113
898,0.6369690424766019,0.6369695,0.3630309575233981,0.363031
899,0.6556875449964003,0.6556877999999999,0.3443124550035997,0.344312
900,0.634809215262779,0.6348094999999999,0.365190784737221,0.365191
901,0.6254499640028798,0.6254498,0.3745500359971202,0.37455
902,0.6416486681065515,0.6416485,0.3583513318934485,0.358351
903,0.6389488840892729,0.6389487,0.3610511159107271,0.361051
904,0.634809215262779,0.6348094,0.365190784737221,0.365191
905,0.6283297336213103,0.6283293000000001,0.3716702663786897,0.37167
906,0.6366090712742981,0.6366095,0.3633909287257019,0.363391
907,0.6366090712742981,0.6366094999999999,0.3633909287257019,0.363391
908,0.6337293016558675,0.6337295000000001,0.3662706983441324,0.366271
909,0.6427285817134629,0.6427288999999999,0.3572714182865371,0.357271
910,0.6331893448524119,0.6331894,0.3668106551475882,0.366811
911,0.6317494600431965,0.6317496,0.3682505399568034,0.368251
912,0.6281497480201584,0.6281494000000001,0.3718502519798416,0.37185
913,0.6403887688984882,0.6403889,0.3596112311015119,0.359611
914,0.6380489560835133,0.6380490999999999,0.3619510439164867,0.361951
915,0.6319294456443485,0.6319297,0.3680705543556515,0.368071
916,0.6274298056155507,0.6274294,0.3725701943844492,0.37257
917,0.6310295176385889,0.6310297,0.3689704823614111,0.36897
918,0.6416486681065515,0.6416487000000001,0.3583513318934485,0.358351
919,0.6360691144708424,0.6360692,0.3639308855291576,0.363931
920,0.6281497480201584,0.6281501,0.3718502519798416,0.37185
921,0.6429085673146149,0.6429087,0.3570914326853852,0.357091
922,0.6270698344132469,0.6270701000000001,0.372930165586753,0.37293
923,0.6321094312455003,0.6321095999999999,0.3678905687544996,0.367891
924,0.6393088552915767,0.6393085999999999,0.3606911447084233,0.360691
925,0.6394888408927286,0.6394889,0.3605111591072714,0.360511
926,0.624910007199424,0.6249100000000001,0.375089992800576,0.37509
927,0.6333693304535637,0.6333697,0.3666306695464363,0.366631
928,0.6342692584593232,0.6342695,0.3657307415406767,0.365731
929,0.6484881209503239,0.6484886,0.351511879049676,0.351512
930,0.63678905687545,0.6367894,0.36321094312455,0.363211
931,0.6418286537077034,0.6418284000000001,0.3581713462922966,0.358171
932,0.6423686105111591,0.6423683,0.3576313894888409,0.357631
933,0.6369690424766019,0.636969,0.3630309575233981,0.363031
934,0.6492080633549316,0.6492081,0.3507919366450684,0.350792
935,0.6360691144708424,0.6360693,0.3639308855291576,0.363931
936,0.634629229661627,0.6346291,0.3653707703383729,0.365371
937,0.6351691864650828,0.6351688,0.3648308135349172,0.364831
938,0.6286897048236141,0.6286902,0.3713102951763858,0.37131
939,0.6385889128869691,0.6385884000000001,0.3614110871130309,0.361411
940,0.6486681065514759,0.6486682,0.3513318934485241,0.351332
941,0.6319294456443485,0.6319297,0.3680705543556515,0.368071
942,0.6312095032397408,0.6312095999999999,0.3687904967602591,0.368791
943,0.6306695464362851,0.6306693999999999,0.3693304535637149,0.36933
944,0.6400287976961843,0.6400285,0.3599712023038157,0.359971
945,0.6258099352051836,0.6258102999999999,0.3741900647948164,0.37419
946,0.634629229661627,0.6346293,0.3653707703383729,0.365371
947,0.6330093592512599,0.6330091999999999,0.3669906407487401,0.366991
948,0.624910007199424,0.6249095,0.375089992800576,0.37509
949,0.6344492440604752,0.6344491,0.3655507559395248,0.365551
950,0.6396688264938805,0.6396691,0.3603311735061195,0.360331
951,0.6402087832973362,0.6402085,0.3597912167026638,0.359791
952,0.6391288696904248,0.6391284,0.3608711303095752,0.360871
953,0.6461483081353492,0.6461485,0.3538516918646508,0.353852
954,0.6452483801295896,0.6452485,0.3547516198704104,0.354752
955,0.6362491000719942,0.6362494000000001,0.3637508999280057,0.363751
956,0.6384089272858171,0.6384086,0.3615910727141829,0.361591
957,0.6519078473722102,0.6519084,0.3480921526277897,0.348092
958,0.6468682505399568,0.6468683,0.3531317494600432,0.353132
959,0.6322894168466523,0.632289,0.3677105831533477,0.367711
960,0.6412886969042476,0.641289,0.3587113030957523,0.358711
961,0.6322894168466523,0.6322894000000001,0.3677105831533477,0.367711
962,0.6384089272858171,0.6384087,0.3615910727141829,0.361591
963,0.6304895608351332,0.6304894999999999,0.3695104391648668,0.36951
964,0.6375089992800576,0.6375087,0.3624910007199424,0.362491
965,0.6369690424766019,0.6369687,0.3630309575233981,0.363031
966,0.6396688264938805,0.6396689,0.3603311735061195,0.360331
967,0.6319294456443485,0.6319297,0.3680705543556515,0.368071
968,0.6403887688984882,0.6403885,0.3596112311015119,0.359611
969,0.6400287976961843,0.6400288000000001,0.3599712023038157,0.359971
970,0.6337293016558675,0.6337297,0.3662706983441324,0.366271
971,0.6441684665226782,0.6441686,0.3558315334773218,0.355832
972,0.6333693304535637,0.6333698,0.3666306695464363,0.366631
973,0.6409287257019438,0.6409288,0.3590712742980561,0.359071
974,0.646328293736501,0.6463284,0.3536717062634989,0.353672
975,0.6409287257019438,0.6409283,0.3590712742980561,0.359071
976,0.6461483081353492,0.6461478,0.3538516918646508,0.353852
977,0.6268898488120951,0.6268897,0.3731101511879049,0.37311
978,0.6331893448524119,0.6331894,0.3668106551475882,0.366811
979,0.6420086393088553,0.6420086,0.3579913606911447,0.357991
980,0.63678905687545,0.6367887999999999,0.36321094312455,0.363211
981,0.6353491720662346,0.6353493,0.3646508279337653,0.364651
982,0.6439884809215263,0.6439887,0.3560115190784737,0.356012
983,0.621130309575234,0.6211305,0.378869690424766,0.37887
984,0.6328293736501079,0.6328294,0.367170626349892,0.367171
985,0.6475881929445645,0.6475883,0.3524118070554355,0.352412
986,0.6328293736501079,0.6328296,0.367170626349892,0.367171
987,0.6312095032397408,0.6312093,0.3687904967602591,0.368791
988,0.6328293736501079,0.6328299,0.367170626349892,0.367171
989,0.634809215262779,0.6348093,0.365190784737221,0.365191
990,0.6315694744420446,0.6315693,0.3684305255579553,0.36843
991,0.6427285817134629,0.642729,0.3572714182865371,0.357271
992,0.6295896328293736,0.6295898,0.3704103671706263,0.37041
993,0.6448884089272858,0.6448887,0.3551115910727141,0.355112
994,0.6488480921526278,0.6488479,0.3511519078473722,0.351152
995,0.6357091432685386,0.6357093,0.3642908567314615,0.364291
996,0.6353491720662346,0.6353497,0.3646508279337653,0.364651
997,0.6234701223902088,0.6234705,0.3765298776097912,0.37653
998,0.6340892728581713,0.6340893,0.3659107271418286,0.365911
999,0.6290496760259179,0.6290495,0.370950323974082,0.37095
1000,0.6468682505399568,0.646868,0.3531317494600432,0.353132
